Unnamed: 0,id,lon,lat,year,month,day,y_test,LGBM_y_pred,difference,date
10222,54521.0,116.98,39.7,2003,1,1,2.064225501,1.7134958663685365,-0.3507296346314636,2003-01-01
13454,54627.0,117.23,38.03,2003,1,6,1.52789598,1.3601071547896195,-0.1677888252103805,2003-01-06
3862,53798.0,114.37,37.18,2003,1,10,2.609171866,2.7368170332525064,0.1276451672525063,2003-01-10
8970,54499.0,116.22,40.22,2003,1,16,1.511544943,2.301377643722583,0.7898327007225827,2003-01-16
22696,54940.0,119.2,35.75,2003,1,26,1.043668746,1.8923578678534048,0.8486891218534054,2003-01-26
13521,54628.0,117.48,38.15,2003,1,31,1.368755161,1.6382929324835505,0.2695377714835505,2003-01-31
21044,54909.0,115.52,35.08,2003,2,7,4.579239549,3.3525748355129377,-1.2266647134870627,2003-02-07
719,53498.0,115.03,40.57,2003,2,10,1.421513473,0.9483011658479904,-0.4732123071520097,2003-02-10
25567,58027.0,117.15,34.28,2003,2,22,0.959361172,1.4520159030116384,0.4926547310116383,2003-02-22
20297,54857.0,120.33,36.07,2003,2,25,1.133790476,1.0621561434996396,-0.0716343325003603,2003-02-25
24275,58003.0,115.88,34.95,2003,3,10,4.406346795,4.022951364392752,-0.3833954306072487,2003-03-10
9456,54507.0,115.52,39.33,2003,3,16,1.081637188,1.451419394557616,0.3697822065576159,2003-03-16
9168,54502.0,116.03,39.48,2003,3,31,6.065325284,6.096074790559159,0.0307495065591592,2003-03-31
23397,57089.0,113.93,34.07,2003,4,7,9.93810257,8.165362069593687,-1.7727405004063126,2003-04-07
2244,53694.0,114.22,38.27,2003,4,10,3.501775502,3.046706378710083,-0.4550691232899169,2003-04-10
21731,54918.0,116.97,35.6,2003,4,23,2.610726785,3.773560975903348,1.1628341909033475,2003-04-23
8254,54431.0,116.75,39.85,2003,4,26,14.27151321,14.608208570219974,0.3366953602199736,2003-04-26
14662,54708.0,115.73,37.5,2003,5,2,13.23785488,12.985636509098626,-0.2522183709013745,2003-05-02
24686,58011.0,116.07,34.8,2003,5,8,6.840747479,6.362285311927994,-0.4784621670720064,2003-05-08
10199,54520.0,117.08,39.97,2003,5,19,8.646704357,11.369789407454888,2.723085050454888,2003-05-19
18478,54823.0,117.0,36.6,2003,5,21,13.92940435,12.309655994510123,-1.619748355489877,2003-05-21
17729,54811.0,116.62,36.93,2003,5,29,5.239984223,6.253567252557212,1.0135830295572117,2003-05-29
5876,53985.0,113.82,35.5,2003,6,8,18.83745472,16.988489106248895,-1.8489656137511048,2003-06-08
20132,54852.0,120.73,36.97,2003,6,20,5.96650861,7.123920798343586,1.157412188343586,2003-06-20
3624,53795.0,114.4,37.65,2003,6,26,15.48884097,12.1972059905555,-3.291634979444501,2003-06-26
14602,54707.0,115.98,37.35,2003,7,7,4.832650489,5.168118234528273,0.3354677455282733,2003-07-07
9530,54510.0,116.95,39.92,2003,7,17,7.593739379,6.627727846665925,-0.9660115323340746,2003-07-17
23513,57090.0,113.97,34.72,2003,7,22,6.762890669,7.156317563572249,0.393426894572249,2003-07-22
3592,53794.0,114.75,37.35,2003,7,26,8.491150886,9.102956823953487,0.6118059379534877,2003-07-26
20455,54901.0,115.17,36.08,2003,8,4,5.378368194,5.979008660287123,0.600640466287123,2003-08-04
14853,54710.0,116.17,37.87,2003,8,11,14.44893077,12.515839576113564,-1.9330911938864368,2003-08-11
9592,54511.0,116.47,39.8,2003,8,16,11.54248386,11.25773928655258,-0.284744573447421,2003-08-16
18127,54818.0,116.42,36.25,2003,9,4,1.227676511,1.7057711477796398,0.4780946367796397,2003-09-04
9438,54507.0,115.52,39.33,2003,9,8,7.949437958,6.484956432707789,-1.4644815252922108,2003-09-08
11713,54601.0,115.65,38.98,2003,9,12,6.566850195,7.51227114321435,0.94542094821435,2003-09-12
3844,53798.0,114.37,37.18,2003,9,17,2.691613269,4.752347549988953,2.060734280988953,2003-09-17
4521,53888.0,113.43,36.2,2003,9,21,3.278647883,3.46418668090787,0.1855387979078697,2003-09-21
19742,54844.0,119.18,36.42,2003,9,25,6.502842317,6.908125962150428,0.405283645150428,2003-09-25
12054,54606.0,115.73,38.23,2003,10,2,4.980459815,5.778562877626975,0.798103062626975,2003-10-02
13162,54621.0,115.18,38.18,2003,10,4,4.543005837,4.694662457881137,0.1516566208811367,2003-10-04
17763,54812.0,116.72,36.73,2003,10,5,2.86227166,2.7057163696352826,-0.1565552903647176,2003-10-05
4720,53891.0,114.68,37.02,2003,10,11,0.962190029,0.976231267824398,0.0140412388243981,2003-10-11
5894,53985.0,113.82,35.5,2003,10,22,9.35299136,7.034808536858379,-2.3181828231416217,2003-10-22
15133,54714.0,116.33,37.45,2003,10,23,6.385396061,6.199915903496203,-0.1854801575037967,2003-10-23
6942,54399.0,116.28,39.98,2003,10,31,3.118837807,2.2410972007423022,-0.8777406062576976,2003-10-31
14774,54709.0,116.07,37.23,2003,11,3,7.697520229,7.151064088633509,-0.5464561403664909,2003-11-03
11770,54602.0,115.48,38.73,2003,11,8,2.23134398,2.557432458637761,0.3260884786377609,2003-11-08
26300,58048.0,119.35,34.12,2003,11,19,0.598657149,0.921725759399602,0.3230686103996021,2003-11-19
10431,54525.0,117.28,39.73,2003,11,22,1.746920316,1.758433727583445,0.0115134115834449,2003-11-22
1078,53585.0,113.27,39.17,2003,11,23,1.545757221,2.1983914092814505,0.6526341882814506,2003-11-23
794,53499.0,114.73,40.77,2003,11,28,1.833719575,2.080368249810882,0.2466486748108827,2003-11-28
10095,54519.0,116.48,39.3,2003,12,3,3.020385346,2.1192386108614043,-0.9011467351385956,2003-12-03
2238,53693.0,114.13,38.03,2003,12,10,1.032849115,1.784149748752771,0.751300633752771,2003-12-10
4807,53892.0,114.47,36.62,2003,12,11,2.18622248,1.85869067196424,-0.3275318080357601,2003-12-11
4162,53882.0,113.03,36.07,2003,12,24,2.903308608,2.953506592181399,0.0501979841813988,2003-12-24
17862,54814.0,116.25,36.53,2003,12,29,2.764708176,2.797750623083992,0.0330424470839911,2003-12-29
21458,54916.0,116.85,35.57,2004,1,3,2.501809917,2.5636136055830927,0.0618036885830926,2004-01-03
24713,58012.0,116.65,34.67,2004,1,9,0.87771239,1.5546154111161,0.6769030211161001,2004-01-09
25234,58022.0,117.57,34.75,2004,1,12,3.086677263,2.4769259798905474,-0.6097512831094525,2004-01-12
12938,54619.0,116.92,38.92,2004,1,14,2.591026444,1.895165481217907,-0.6958609627820931,2004-01-14
16172,54736.0,118.67,37.43,2004,1,18,1.078334367,1.925238475001191,0.846904108001191,2004-01-18
11774,54603.0,115.77,38.72,2004,2,6,4.272793801,3.989564368232477,-0.2832294327675226,2004-02-06
18995,54832.0,118.8,36.87,2004,2,7,4.774984481,5.57082464331959,0.7958401623195899,2004-02-07
14786,54711.0,116.28,37.7,2004,2,13,6.735952219,6.988984857436546,0.2530326384365464,2004-02-13
11183,54539.0,118.88,39.43,2004,2,25,5.802792616,4.550748864049717,-1.252043751950283,2004-02-25
7019,54401.0,114.92,40.77,2004,3,3,2.914044788,3.122543994273767,0.2084992062737671,2004-03-03
18500,54824.0,117.95,36.63,2004,3,15,11.13976265,8.300930540716365,-2.8388321092836346,2004-03-15
391,53488.0,113.58,40.03,2004,3,25,5.041699391,4.0871716207370845,-0.9545277702629154,2004-03-25
23315,57089.0,113.93,34.07,2004,4,6,6.848132245,7.151670755525394,0.303538510525394,2004-04-06
9786,54514.0,116.25,39.87,2004,4,9,15.85266064,13.278986069657485,-2.573674570342515,2004-04-09
23902,57099.0,114.85,34.07,2004,4,20,12.60395193,13.082813285407056,0.4788613554070569,2004-04-20
7264,54406.0,115.97,40.45,2004,4,24,9.64077571,8.353677813458154,-1.2870978965418465,2004-04-24
5631,53982.0,113.27,35.23,2004,4,29,10.77533509,9.675292991864389,-1.1000420981356136,2004-04-29
4947,53894.0,114.2,36.4,2004,5,5,23.81301001,21.365743352126334,-2.4472666578736657,2004-05-05
17324,54807.0,115.77,36.15,2004,5,18,7.617546226,6.815307739330727,-0.8022384866692729,2004-05-18
25901,58038.0,118.78,34.08,2004,5,21,9.223226413,11.52353919097923,2.3003127779792294,2004-05-21
20168,54855.0,120.38,36.4,2004,5,28,5.682190335,5.4384745168673545,-0.2437158181326451,2004-05-28
20008,54852.0,120.73,36.97,2004,6,6,12.50546599,6.718047383648581,-5.787418606351419,2004-06-06
11480,54596.0,116.2,39.77,2004,6,15,15.61327615,17.282056690990238,1.6687805409902374,2004-06-15
5180,53897.0,114.35,36.4,2004,6,22,14.87989803,10.8795506663666,-4.000347363633399,2004-06-22
7631,54420.0,117.33,40.93,2004,7,5,9.542258361,8.72507151180785,-0.8171868491921508,2004-07-05
13981,54700.0,115.93,38.03,2004,7,10,7.527711726,8.355397830580063,0.8276861045800636,2004-07-10
11882,54604.0,115.33,38.42,2004,7,21,8.747198322,9.280495899476213,0.5332975774762136,2004-07-21
1235,53594.0,114.18,39.45,2004,7,24,6.25401828,6.452466684577705,0.1984484045777046,2004-07-24
8948,54499.0,116.22,40.22,2004,8,1,10.64113965,9.58554116497667,-1.0555984850233298,2004-08-01
309,53487.0,113.42,40.08,2004,8,5,9.137581478,8.609136156101181,-0.5284453218988183,2004-08-05
4578,53889.0,113.87,36.07,2004,8,13,4.440199534,3.877358638430068,-0.5628408955699316,2004-08-13
21154,54912.0,116.5,35.77,2004,8,31,6.577947453,9.225880033319624,2.6479325803196243,2004-08-31
14727,54710.0,116.17,37.87,2004,9,6,3.610584245,8.287789112320143,4.677204867320143,2004-09-06
497,53490.0,114.05,40.43,2004,9,12,3.648219443,5.658734760614651,2.010515317614652,2004-09-12
315,53487.0,113.42,40.08,2004,9,14,2.363487892,2.8153932586588057,0.4519053666588055,2004-09-14
9074,54501.0,115.68,39.97,2004,9,19,6.278449272,7.866052136135051,1.587602864135051,2004-09-19
14947,54713.0,116.53,37.88,2004,9,25,6.462986756,6.03528542322781,-0.4277013327721901,2004-09-25
15890,54730.0,118.13,37.7,2004,9,29,6.852963757,7.358840989176428,0.5058772321764273,2004-09-29
13905,54645.0,117.47,38.85,2004,10,2,8.852312688,9.683350900746118,0.8310382127461189,2004-10-02
3034,53785.0,114.67,37.52,2004,10,5,5.520839854,5.584484002898891,0.0636441488988905,2004-10-05
24117,58002.0,115.58,34.85,2004,10,11,4.810232429,3.0451212061821105,-1.7651112228178896,2004-10-11
12998,54620.0,115.57,38.48,2004,10,17,3.555527243,3.813313251308251,0.2577860083082512,2004-10-17
14313,54704.0,115.57,37.52,2004,10,22,9.038752612,10.54509553783195,1.5063429258319498,2004-10-22
8253,54431.0,116.75,39.85,2004,10,31,3.865896716,4.4678248942509455,0.6019281782509456,2004-10-31
17328,54807.0,115.77,36.15,2004,11,2,4.012873478,4.244651723038731,0.2317782450387309,2004-11-02
9187,54503.0,115.82,39.07,2004,11,8,3.10619253,3.7026561277599694,0.5964635977599704,2004-11-08
15816,54729.0,117.87,37.17,2004,11,10,4.860282007,3.5502318239042383,-1.310050183095762,2004-11-10
9788,54514.0,116.25,39.87,2004,11,19,7.482456106,4.249503837075319,-3.232952268924681,2004-11-19
9715,54513.0,116.2,39.95,2004,11,23,4.974770475,4.812360369967839,-0.1624101050321611,2004-11-23
8558,54436.0,118.95,40.42,2004,11,24,4.174674985,2.7585172369759667,-1.4161577480240335,2004-11-24
7423,54412.0,116.63,40.73,2004,11,28,2.233997075,2.964414804381623,0.7304177293816232,2004-11-28
2537,53698.0,114.35,38.07,2004,12,7,9.968186666,7.143512528445784,-2.824674137554215,2004-12-07
9217,54503.0,115.82,39.07,2004,12,10,4.618398459,2.9717490903541828,-1.646649368645817,2004-12-10
11090,54534.0,118.1,39.65,2004,12,11,1.362062116,1.6502182325812804,0.2881561165812805,2004-12-11
21682,54919.0,116.98,35.38,2004,12,24,1.861390186,2.0565846815316418,0.1951944955316418,2004-12-24
1482,53680.0,114.38,38.3,2005,1,3,3.397962209,2.0432573213968483,-1.3547048876031518,2005-01-03
4715,53891.0,114.68,37.02,2005,1,4,2.295976399,1.5678811606659124,-0.7280952383340877,2005-01-04
12774,54617.0,116.17,38.2,2005,1,9,1.294215648,1.4071105187423465,0.1128948707423465,2005-01-09
18623,54827.0,117.15,36.17,2005,1,14,2.189971694,2.144439187880913,-0.0455325061190872,2005-01-14
23425,57091.0,114.3,34.78,2005,1,18,2.632933869,2.3525472780806616,-0.2803865909193384,2005-01-18
8285,54432.0,118.47,40.62,2005,1,23,0.772576993,1.74627875205274,0.9737017590527398,2005-01-23
17744,54814.0,116.25,36.53,2005,2,8,1.111013003,1.2728168089484166,0.1618038059484166,2005-02-08
19380,54841.0,119.42,36.87,2005,2,11,2.739675209,2.702651051912755,-0.0370241570872451,2005-02-11
22651,54945.0,119.55,35.47,2005,2,23,2.202099046,2.4231276752378546,0.2210286292378547,2005-02-23
14919,54713.0,116.53,37.88,2005,2,26,2.537117904,2.556109911854631,0.018992007854631,2005-02-26
22645,54945.0,119.55,35.47,2005,3,11,3.145441358,3.4760321265536707,0.3305907685536708,2005-03-11
17440,54809.0,115.28,36.55,2005,3,21,3.45453209,3.515810599177204,0.0612785091772041,2005-03-21
7650,54420.0,117.33,40.93,2005,4,3,5.902510271,6.1124707964300375,0.2099605254300378,2005-04-03
20535,54904.0,115.52,35.58,2005,4,9,3.056390498,2.6076832101581218,-0.4487072878418781,2005-04-09
19914,54851.0,120.57,36.9,2005,4,21,8.269081696,9.74184689741648,1.4727652014164807,2005-04-21
16270,54737.0,118.15,37.15,2005,4,25,5.348515224,6.953310321009722,1.6047950970097222,2005-04-25
5970,53986.0,113.88,35.32,2005,5,1,15.59268822,14.105507976982487,-1.4871802430175105,2005-05-01
15955,54731.0,118.22,37.48,2005,5,3,17.90426203,16.470196077312433,-1.4340659526875683,2005-05-03
18168,54820.0,115.2,36.82,2005,5,16,0.425675435,2.0001165181366742,1.5744410831366742,2005-05-16
13093,54622.0,117.37,38.98,2005,5,21,8.608956419,8.915731308983446,0.3067748899834459,2005-05-21
22515,54939.0,118.82,35.17,2005,5,25,14.12792567,13.512359040789017,-0.6155666292109849,2005-05-25
6288,53992.0,114.52,35.65,2005,6,1,18.54242613,20.664196912061747,2.1217707820617484,2005-06-01
21697,54920.0,117.28,35.65,2005,6,11,13.47075928,13.563361967362566,0.0926026873625662,2005-06-11
23375,57090.0,113.97,34.72,2005,6,17,22.68746696,20.0987301717666,-2.588736788233401,2005-06-17
11224,54540.0,119.2,39.73,2005,6,25,7.925284367,10.677378621864484,2.752094254864483,2005-06-25
17072,54804.0,115.18,36.3,2005,7,8,9.180125463,7.241099810291834,-1.9390256527081653,2005-07-08
18627,54827.0,117.15,36.17,2005,7,17,5.769783937,5.868589595650698,0.098805658650698,2005-07-17
9416,54507.0,115.52,39.33,2005,7,23,1.39577799,4.3194500770752935,2.923672087075293,2005-07-23
9625,54512.0,116.28,39.42,2005,7,28,10.76062051,9.682007905323369,-1.0786126046766338,2005-07-28
17809,54815.0,116.27,36.38,2005,8,5,4.603696416,4.3923826323560204,-0.2113137836439795,2005-08-05
6413,53994.0,114.07,35.38,2005,8,12,8.940781404,10.312494419356344,1.3717130153563415,2005-08-12
13901,54645.0,117.47,38.85,2005,8,21,12.14998301,11.733609312936728,-0.4163736970632712,2005-08-21
18522,54825.0,117.85,36.52,2005,9,6,8.488440601,10.203216810053132,1.7147762090531309,2005-09-06
26094,58047.0,119.23,34.25,2005,9,11,4.832650489,4.748226121351691,-0.0844243676483085,2005-09-11
9353,54506.0,115.95,39.32,2005,9,13,7.098206256,6.267680547109143,-0.8305257088908569,2005-09-13
15851,54730.0,118.13,37.7,2005,9,18,8.384279084,8.750241140210932,0.3659620562109325,2005-09-18
18535,54825.0,117.85,36.52,2005,9,25,6.652177772,5.579148050784197,-1.0730297212158026,2005-09-25
23532,57093.0,114.82,34.85,2005,9,26,1.255689854,2.1549008955632867,0.8992110415632866,2005-09-26
2454,53697.0,114.83,38.03,2005,10,2,5.17835617,5.143740792579619,-0.0346153774203807,2005-10-02
20353,54901.0,115.17,36.08,2005,10,4,4.116126858,3.823214559681068,-0.2929122983189325,2005-10-04
10796,54531.0,118.72,39.73,2005,10,5,7.893908511,6.486909788193349,-1.4069987228066516,2005-10-05
168,53484.0,113.15,40.45,2005,10,11,5.25604992,2.740909656859908,-2.515140263140092,2005-10-11
3279,53789.0,114.63,37.88,2005,10,17,11.6283574,9.953199941632285,-1.6751574583677158,2005-10-17
14370,54705.0,115.38,37.37,2005,10,22,5.682887632,5.778740455709119,0.0958528237091194,2005-10-22
1725,53685.0,113.42,38.07,2005,11,2,5.151649798,6.132688116783289,0.9810383187832884,2005-11-02
1485,53680.0,114.38,38.3,2005,11,9,5.532592665,10.227229254436814,4.694636589436814,2005-11-09
8124,54429.0,117.95,40.2,2005,11,11,6.839582253,5.122358381995828,-1.7172238710041716,2005-11-11
25387,58026.0,118.02,34.4,2005,11,22,1.715704957,2.4050446158546115,0.6893396588546115,2005-11-22
13012,54620.0,115.57,38.48,2005,11,24,6.054196122,4.788885926470236,-1.2653101955297634,2005-11-24
3010,53784.0,114.78,37.75,2005,11,25,4.706506032,6.331738690088076,1.625232658088076,2005-11-25
19815,54849.0,120.03,36.22,2005,11,29,5.828909391,5.265288001939734,-0.5636213890602662,2005-11-29
11542,54597.0,115.73,39.73,2005,12,3,2.593531113,2.151416499317885,-0.4421146136821146,2005-12-03
4484,53888.0,113.43,36.2,2005,12,7,2.162377723,2.4847764259265337,0.3223987029265336,2005-12-07
12658,54615.0,116.85,38.58,2005,12,11,2.445347944,2.4020775981709623,-0.0432703458290375,2005-12-11
183,53484.0,113.15,40.45,2005,12,12,0.868026196,0.7391919255620998,-0.1288342704379002,2005-12-12
23647,57094.0,114.22,34.4,2006,1,3,0.707250928709019,0.997578005290266,0.2903270765812469,2006-01-03
9181,54503.0,115.82,39.07,2006,1,4,2.25127271048849,2.3975351385751966,0.1462624280867066,2006-01-04
12386,54611.0,115.32,38.93,2006,1,9,2.76614735840786,2.8590056234918007,0.0928582650839406,2006-01-09
8918,54455.0,120.65,40.62,2006,1,12,1.5002912938297,0.7512588360726683,-0.7490324577570316,2006-01-12
14181,54702.0,115.7,37.73,2006,1,18,1.21933019106764,1.3310221439208798,0.1116919528532398,2006-01-18
23406,57090.0,113.97,34.72,2006,1,23,1.10360233807219,1.223523120894592,0.119920782822402,2006-01-23
16512,54749.0,119.95,37.18,2006,2,7,1.00034373316602,2.0499106696875606,1.0495669365215403,2006-02-07
16473,54744.0,118.55,37.58,2006,2,10,1.95043058330618,2.212430697532984,0.2620001142268038,2006-02-10
964,53584.0,113.17,39.57,2006,2,18,3.19902015788147,3.2671038082071,0.0680836503256299,2006-02-18
11264,54540.0,119.2,39.73,2006,2,25,1.21665094100271,1.9024916259032791,0.6858406849005692,2006-02-25
10935,54532.0,118.08,39.8,2006,3,9,3.52627729123378,2.576177582714656,-0.950099708519124,2006-03-09
4566,53889.0,113.87,36.07,2006,3,16,11.6738144005148,10.128458860990056,-1.5453555395247438,2006-03-16
22764,57079.0,113.03,34.95,2006,4,1,12.7955162092302,11.152997877267778,-1.6425183319624228,2006-04-01
3835,53798.0,114.37,37.18,2006,4,9,8.29106930657989,8.068393488338467,-0.2226758182414236,2006-04-09
12224,54609.0,115.58,38.23,2006,4,21,5.27260569021325,5.590644952431533,0.3180392622182832,2006-04-21
11470,54594.0,116.35,39.72,2006,4,25,7.48239308809371,7.97302480372693,0.4906317156332198,2006-04-25
5323,53899.0,114.97,36.48,2006,5,1,12.7748456286727,11.131994893789193,-1.642850734883508,2006-05-01
21436,54915.0,116.6,35.43,2006,5,3,13.0964512129898,11.510788011849424,-1.5856632011403775,2006-05-03
5462,53979.0,113.08,35.15,2006,5,10,5.67406193245611,8.337615320306549,2.663553387850439,2006-05-10
16283,54737.0,118.15,37.15,2006,5,20,8.24291010685144,8.136459543251704,-0.1064505635997363,2006-05-20
3241,53789.0,114.63,37.88,2006,5,23,16.9888082577381,15.581760969859603,-1.4070472878784963,2006-05-23
25278,58024.0,117.58,34.87,2006,6,1,13.1397985737651,13.965006614686464,0.825208040921364,2006-06-01
8185,54430.0,118.22,40.78,2006,6,10,7.78253601434076,9.438213634614083,1.6556776202733232,2006-06-10
5320,53899.0,114.97,36.48,2006,6,18,23.2166880026755,23.82362847879176,0.6069404761162609,2006-06-18
7633,54419.0,116.63,40.37,2006,6,26,10.0248542965299,9.889811362958312,-0.1350429335715883,2006-06-26
13689,54633.0,115.27,37.5,2006,7,7,13.8272246434159,12.322483745179312,-1.5047408982365873,2006-07-07
25917,58038.0,118.78,34.08,2006,7,15,9.32440622151794,8.462869212960511,-0.8615370085574288,2006-07-15
5535,53980.0,114.8,36.55,2006,7,22,8.11546880292652,10.811780169604315,2.696311366677796,2006-07-22
22732,54945.0,119.55,35.47,2006,7,26,2.4009918187481,2.000262486565502,-0.400729332182598,2006-07-26
24495,58007.0,115.3,34.07,2006,8,4,5.53975549824067,4.787667246509544,-0.7520882517311254,2006-08-04
1384,53599.0,114.68,39.37,2006,8,11,4.50185966015269,3.225353168356772,-1.276506491795918,2006-08-11
21937,54922.0,117.75,35.87,2006,8,16,9.23404642902974,8.28854455574167,-0.9455018732880712,2006-08-16
14000,54645.0,117.47,38.85,2006,9,4,9.52226893140436,9.980085379219524,0.4578164478151638,2006-09-04
17665,54811.0,116.62,36.93,2006,9,8,2.45410227024993,4.604948926682284,2.150846656432354,2006-09-08
542,53491.0,114.38,40.68,2006,9,13,8.57404927595954,8.95381106091752,0.3797617849579797,2006-09-13
12706,54615.0,116.85,38.58,2006,9,17,7.17050472596793,6.30085619074722,-0.8696485352207102,2006-09-17
1528,53681.0,113.37,38.83,2006,9,22,3.71668624088064,4.331635922276662,0.6149496813960216,2006-09-22
8029,54428.0,117.4,40.03,2006,9,25,3.2313966977341,4.643421368610493,1.4120246708763933,2006-09-25
6123,53989.0,113.98,35.08,2006,10,2,6.34470256003867,6.526346096695841,0.1816435366571704,2006-10-02
4546,53889.0,113.87,36.07,2006,10,4,10.4931619262178,9.002214865852524,-1.4909470603652757,2006-10-04
24686,58012.0,116.65,34.67,2006,10,5,6.92075249289436,5.176997163285762,-1.7437553296085984,2006-10-05
1870,53689.0,115.07,38.02,2006,10,11,8.24878487374226,6.673705525049568,-1.5750793486926913,2006-10-11
2567,53698.0,114.35,38.07,2006,10,22,10.3055677265885,9.488114544186312,-0.8174531824021862,2006-10-22
18421,54822.0,117.73,36.87,2006,10,23,6.73292697290889,6.601066647963609,-0.131860324945281,2006-10-23
12285,54610.0,116.1,38.73,2006,10,31,7.47294502553749,7.486960357808241,0.014015332270751,2006-10-31
25177,58021.0,117.28,34.78,2006,11,3,12.5486244422007,9.63921308056883,-2.9094113616318698,2006-11-03
19560,54842.0,120.0,36.78,2006,11,8,7.83486230757755,6.208030687811142,-1.626831619766408,2006-11-08
5181,53897.0,114.35,36.4,2006,11,19,1.46498049737729,1.2060664862757242,-0.2589140111015657,2006-11-19
12132,54608.0,115.55,38.0,2006,11,22,2.26758095138914,2.0625878448526493,-0.2049931065364907,2006-11-22
9504,54510.0,116.95,39.92,2006,11,23,2.8908293649476,2.359449587512925,-0.5313797774346747,2006-11-23
22397,54935.0,118.43,35.53,2006,11,28,1.88123111612327,2.4166254604647457,0.5353943443414757,2006-11-28
10348,54523.0,117.07,39.43,2006,12,3,2.65330792833898,2.631802305015792,-0.021505623323188,2006-12-03
14435,54705.0,115.38,37.37,2006,12,10,1.26747300170145,0.9349155611752517,-0.3325574405261983,2006-12-10
16042,54731.0,118.22,37.48,2006,12,11,2.54185029162552,1.6581939811090671,-0.8836563105164528,2006-12-11
10199,54521.0,116.98,39.7,2006,12,24,1.59571219660213,2.2547705069155413,0.6590583103134113,2006-12-24
20011,54851.0,120.57,36.9,2006,12,31,0.397050328944295,0.4745119778959965,0.0774616489517014,2006-12-31
7345,54408.0,115.22,40.38,2007,1,3,0.687826296,1.9119634581838816,1.2241371621838817,2007-01-03
23780,57095.0,114.15,34.12,2007,1,9,3.473258395,2.701592335762076,-0.7716660592379245,2007-01-09
12670,54614.0,116.05,38.42,2007,1,12,0.964088267,1.0659653867941117,0.1018771197941116,2007-01-12
7721,54420.0,117.33,40.93,2007,1,14,1.278081025,1.3666449114417625,0.0885638864417623,2007-01-14
11239,54539.0,118.88,39.43,2007,1,23,1.831809084,2.1114361071706265,0.2796270231706264,2007-01-23
16778,54755.0,120.38,37.33,2007,2,6,2.779348165,2.6296415334447105,-0.1497066315552895,2007-02-06
15734,54726.0,117.18,37.7,2007,2,10,5.732938005,4.587345598170148,-1.1455924068298522,2007-02-10
11604,54597.0,115.73,39.73,2007,2,12,5.116948636,3.7262863537270654,-1.390662282272933,2007-02-12
2262,53694.0,114.22,38.27,2007,2,24,3.57121637,3.458377995900153,-0.1128383740998466,2007-02-24
1269,53594.0,114.18,39.45,2007,3,8,2.00099445,2.0190179347886112,0.0180234847886113,2007-03-08
12881,54617.0,116.17,38.2,2007,3,16,3.314156775,4.321678580933056,1.007521805933056,2007-03-16
21545,54916.0,116.85,35.57,2007,3,25,6.065325284,6.433071301151131,0.3677460171511306,2007-03-25
19155,54833.0,118.08,36.97,2007,4,3,7.353785792,8.939175688007978,1.5853898960079782,2007-04-03
8163,54429.0,117.95,40.2,2007,4,9,9.217485068,8.953249521466905,-0.2642355465330954,2007-04-09
6822,54304.0,115.27,40.95,2007,4,20,6.166498608,7.734637878731518,1.5681392707315176,2007-04-20
24096,57191.0,114.47,34.52,2007,4,24,9.2753425,9.086133796550175,-0.1892087034498235,2007-04-24
23098,57085.0,113.33,34.53,2007,5,1,7.993603717,9.69747636104998,1.703872644049981,2007-05-01
24192,58002.0,115.58,34.85,2007,5,8,7.768737702,9.51067953368365,1.7419418316836497,2007-05-08
23474,57090.0,113.97,34.72,2007,5,17,24.63614747,21.9741625581406,-2.6619849118594026,2007-05-17
12050,54606.0,115.73,38.23,2007,5,20,12.75557531,13.754658914079524,0.9990836040795248,2007-05-20
15354,54717.0,116.4,37.63,2007,5,29,15.74287364,13.899061240626445,-1.843812399373556,2007-05-29
7243,54406.0,115.97,40.45,2007,6,7,16.71760889,19.08753074905324,2.3699218590532354,2007-06-07
6064,53987.0,113.35,35.1,2007,6,16,14.71440231,13.839199122856067,-0.8752031871439332,2007-06-16
3686,53795.0,114.4,37.65,2007,6,24,19.62338291,19.390732187504927,-0.2326507224950731,2007-06-24
17298,54805.0,115.47,36.45,2007,7,6,9.51514953,9.631173846005526,0.1160243160055252,2007-07-06
20221,54855.0,120.38,36.4,2007,7,11,8.654675905,8.431417881644835,-0.2232580233551644,2007-07-11
21830,54920.0,117.28,35.65,2007,7,21,7.356347817,6.987732190695242,-0.3686156263047575,2007-07-21
7805,54421.0,117.12,40.65,2007,7,23,11.30633831,11.440843910956728,0.1345056009567287,2007-07-23
17251,54804.0,115.18,36.3,2007,7,31,5.840947137,7.167624092344936,1.3266769553449365,2007-07-31
17871,54814.0,116.25,36.53,2007,8,5,6.539732854,6.642727377365904,0.1029945233659033,2007-08-05
12540,54612.0,116.45,38.85,2007,8,12,4.329638183,7.968211611786688,3.638573428786688,2007-08-12
16197,54734.0,118.0,37.35,2007,8,31,0.857993146,3.331449669108138,2.473456523108138,2007-08-31
4226,53883.0,114.7,37.13,2007,9,6,7.758267672,6.79950479925833,-0.9587628727416692,2007-09-06
18044,54816.0,116.8,36.52,2007,9,12,11.63469179,8.48723823554733,-3.147453554452669,2007-09-12
18230,54819.0,116.8,36.18,2007,9,14,3.798000338,3.087021462485412,-0.7109788755145883,2007-09-14
10504,54525.0,117.28,39.73,2007,9,19,5.369959382,5.677798384373432,0.3078390023734316,2007-09-19
23341,57088.0,113.5,34.18,2007,9,25,11.10458716,11.59286133591358,0.4882741759135811,2007-09-25
14251,54702.0,115.7,37.73,2007,9,29,2.207480983,1.505609335336719,-0.7018716476632809,2007-09-29
24749,58012.0,116.65,34.67,2007,10,2,3.335372578,3.2109845214955364,-0.1243880565044635,2007-10-02
947,53584.0,113.17,39.57,2007,10,5,1.607780277,1.931438804370392,0.3236585273703913,2007-10-05
26281,58048.0,119.35,34.12,2007,10,11,4.066305723,4.242603712188426,0.1762979891884262,2007-10-11
24711,58011.0,116.07,34.8,2007,10,17,7.311553292,5.475734403041729,-1.8358188889582712,2007-10-17
9188,54502.0,116.03,39.48,2007,10,23,1.323011289,3.2760981703757737,1.9530868813757736,2007-10-23
13314,54624.0,117.32,38.4,2007,10,31,4.527985923,3.789072089774541,-0.738913833225459,2007-10-31
12135,54607.0,115.12,38.72,2007,11,2,4.873523093,4.885984529396561,0.0124614363965607,2007-11-02
13598,54631.0,115.15,37.07,2007,11,8,2.885964411,3.036597363959363,0.1506329529593633,2007-11-08
8751,54438.0,118.88,39.88,2007,11,10,3.713513846,2.986023000033572,-0.7274908459664284,2007-11-10
19364,54836.0,118.17,36.18,2007,11,21,3.482814464,3.6655792661265534,0.1827648021265533,2007-11-21
15513,54719.0,116.68,38.03,2007,11,23,2.070862654,3.109949890677359,1.039087236677359,2007-11-23
1215,53593.0,114.57,39.83,2007,11,24,3.285033369,2.603970145268351,-0.6810632237316492,2007-11-24
8106,54428.0,117.4,40.03,2007,11,28,3.996939902,3.931968886249276,-0.0649710157507241,2007-11-28
3344,53790.0,114.6,37.63,2007,12,6,2.668038397,2.6027047210368126,-0.0653336759631875,2007-12-06
6115,53988.0,113.67,35.27,2007,12,11,0.776413732,0.7933718758075199,0.0169581438075199,2007-12-11
13723,54633.0,115.27,37.5,2007,12,18,1.77248,1.5221343269745606,-0.2503456730254394,2007-12-18
9532,54510.0,116.95,39.92,2007,12,25,1.179020798,1.15105885893879,-0.02796193906121,2007-12-25
11513,54596.0,116.2,39.77,2008,1,3,3.53172363,2.854922586004727,-0.676801043995273,2008-01-03
16421,54744.0,118.55,37.58,2008,1,4,2.334762982,2.725788175119721,0.391025193119721,2008-01-04
4961,53894.0,114.2,36.4,2008,1,9,3.292455747,1.556596618724996,-1.735859128275004,2008-01-09
19900,54849.0,120.03,36.22,2008,1,14,1.361286513,1.359691217967328,-0.001595295032672,2008-01-14
6543,53995.0,114.5,35.55,2008,1,18,0.490295582,0.9407041083833748,0.4504085263833749,2008-01-18
23674,57095.0,114.15,34.12,2008,1,23,1.020464994,1.3663676162981986,0.3459026222981987,2008-01-23
7985,54425.0,117.47,40.4,2008,2,7,1.474362323,1.541383597163516,0.0670212741635161,2008-02-07
18854,54830.0,117.93,36.82,2008,2,11,3.32637522,3.5983486260038613,0.2719734060038612,2008-02-11
13804,54640.0,114.87,36.92,2008,2,23,3.313207728,3.105277215723272,-0.2079305122767283,2008-02-23
18074,54818.0,116.42,36.25,2008,2,26,1.566204422,2.3956255854157744,0.8294211634157744,2008-02-26
24069,58001.0,115.1,34.43,2008,3,9,3.21269503,3.171125523273089,-0.041569506726911,2008-03-09
17549,54810.0,116.27,36.87,2008,3,20,6.322479297,6.561772137152298,0.2392928401522978,2008-03-20
808,53580.0,113.1,39.82,2008,4,1,3.03201618,4.17549667125468,1.1434804912546803,2008-04-01
7644,54419.0,116.63,40.37,2008,4,8,2.875293204,3.591376181086081,0.716082977086081,2008-04-08
5518,53980.0,114.8,36.55,2008,4,19,3.995668914,4.799651846772879,0.8039829327728794,2008-04-19
1955,53689.0,115.07,38.02,2008,4,24,11.08327814,12.010782316948395,0.9275041769483964,2008-04-24
23684,57095.0,114.15,34.12,2008,4,29,9.330341483,8.524390447743375,-0.8059510352566246,2008-04-29
15066,54714.0,116.33,37.45,2008,5,3,7.769094081,9.160076400945156,1.390982319945156,2008-05-03
16636,54753.0,120.33,37.63,2008,5,16,5.388015213,4.90445257097858,-0.4835626420214201,2008-05-16
14098,54701.0,115.2,37.93,2008,5,20,14.82681643,15.861422440434708,1.0346060104347077,2008-05-20
21072,54910.0,116.05,35.82,2008,5,24,8.603233798,8.447119026706577,-0.1561147712934225,2008-05-24
2482,53697.0,114.83,38.03,2008,5,31,16.40723233,19.65332899870232,3.246096668702318,2008-05-31
25340,58025.0,117.73,34.57,2008,6,10,2.088590052,2.7793124860633647,0.6907224340633649,2008-06-10
4617,53889.0,113.87,36.07,2008,6,18,10.32875712,8.78004694839778,-1.5487101716022202,2008-06-18
13945,54645.0,117.47,38.85,2008,6,26,4.086859898,5.48365932261143,1.39679942461143,2008-06-26
5449,53979.0,113.08,35.15,2008,7,7,9.2385553,8.528795861310064,-0.709759438689936,2008-07-07
17816,54814.0,116.25,36.53,2008,7,16,5.873747222,7.775250754997843,1.9015035329978425,2008-07-16
17499,54809.0,115.28,36.55,2008,7,23,4.252494052,4.749911400084817,0.4974173480848165,2008-07-23
4825,53892.0,114.47,36.62,2008,7,28,10.60177365,10.122965353118298,-0.4788082968817022,2008-07-28
5231,53898.0,114.13,36.05,2008,8,4,7.301183921,6.6401848810695,-0.6609990399305001,2008-08-04
12269,54609.0,115.58,38.23,2008,8,11,2.177811856,5.153494011069413,2.975682155069413,2008-08-11
25216,58022.0,117.57,34.75,2008,8,16,9.996222095,7.764287161552194,-2.231934933447806,2008-08-16
13530,54631.0,115.15,37.07,2008,9,6,7.731496756,8.076351144857199,0.3448543888571986,2008-09-06
23071,57085.0,113.33,34.53,2008,9,11,12.15701116,12.031090780068892,-0.1259203799311077,2008-09-11
13642,54632.0,115.03,37.07,2008,9,13,8.124147961,6.964056951717702,-1.160091009282298,2008-09-13
13499,54628.0,117.48,38.15,2008,9,18,7.693045249,7.890101240449368,0.1970559914493677,2008-09-18
15834,54729.0,117.87,37.17,2008,9,22,3.541945245,4.321261667435891,0.7793164224358913,2008-09-22
9384,54506.0,115.95,39.32,2008,9,26,9.016281677,8.754395771668811,-0.261885905331189,2008-09-26
15601,54726.0,117.18,37.7,2008,10,2,10.76561499,7.311637940734731,-3.4539770492652684,2008-10-02
8100,54429.0,117.95,40.2,2008,10,4,5.676379671,5.526769847377519,-0.1496098236224812,2008-10-04
23386,57090.0,113.97,34.72,2008,10,5,7.488695232,5.81952564249149,-1.6691695895085106,2008-10-05
15104,54715.0,116.52,37.32,2008,10,17,8.60849631,9.85697154620582,1.2484752362058202,2008-10-17
19037,54832.0,118.8,36.87,2008,10,22,1.844677781,3.714432000822762,1.869754219822762,2008-10-22
6211,53989.0,113.98,35.08,2008,10,23,9.046180215,7.410442975733643,-1.6357372392663567,2008-10-23
3486,53792.0,114.48,37.45,2008,10,31,5.754154578,5.903342473278297,0.1491878952782972,2008-10-31
11038,54533.0,118.1,39.58,2008,11,3,7.359409013,6.3127239455633335,-1.046685067436666,2008-11-03
24212,58003.0,115.88,34.95,2008,11,8,6.5955203,5.623255400434367,-0.9722648995656328,2008-11-08
17252,54805.0,115.47,36.45,2008,11,19,4.134765437,4.65440662914801,0.5196411921480095,2008-11-19
15007,54713.0,116.53,37.88,2008,11,22,3.967261002,4.629037348090021,0.6617763460900212,2008-11-22
16528,54749.0,119.95,37.18,2008,11,23,4.102815016,3.081088100400472,-1.021726915599528,2008-11-23
15031,54714.0,116.33,37.45,2008,11,28,6.043044552,5.855219744267094,-0.1878248077329054,2008-11-28
18687,54827.0,117.15,36.17,2008,12,4,5.534567063,4.653012711576013,-0.8815543514239872,2008-12-04
2619,53699.0,114.95,38.18,2008,12,7,3.72914126,4.571264273731842,0.8421230137318418,2008-12-07
15059,54714.0,116.33,37.45,2008,12,11,1.275525983,1.985805660218759,0.710279677218759,2008-12-11
17507,54809.0,115.28,36.55,2008,12,24,3.409489075,3.1571013994959647,-0.2523876755040355,2008-12-24
10143,54520.0,117.08,39.97,2008,12,29,3.284734095,2.401137819164315,-0.8835962758356852,2008-12-29
5752,53983.0,114.42,35.03,2009,1,4,2.919338791,2.223475948420941,-0.695862842579059,2009-01-04
21847,54921.0,116.33,35.42,2009,1,9,1.4461324,2.1181587639855097,0.6720263639855097,2009-01-09
26312,58049.0,119.8,34.02,2009,1,12,2.560160397,2.6630684502087627,0.1029080532087625,2009-01-12
13984,54645.0,117.47,38.85,2009,1,18,2.427115864,2.8655925400473072,0.4384766760473071,2009-01-18
24542,58008.0,115.33,34.47,2009,1,23,3.401410255,2.8675067348850773,-0.5339035201149227,2009-01-23
15419,54719.0,116.68,38.03,2009,2,6,1.914993574,2.330843411715148,0.415849837715148,2009-02-06
6383,53993.0,114.92,35.93,2009,2,10,4.479195497,4.881377375098339,0.4021818780983386,2009-02-10
24551,58008.0,115.33,34.47,2009,2,12,5.668575142,4.855676102912329,-0.8128990390876707,2009-02-12
11081,54534.0,118.1,39.65,2009,2,24,1.826420306,2.303633263107184,0.4772129571071841,2009-02-24
7283,54406.0,115.97,40.45,2009,3,8,5.369748391,6.57103824325153,1.2012898522515298,2009-03-08
15870,54729.0,117.87,37.17,2009,3,15,10.60010783,9.510430584397383,-1.0896772456026156,2009-03-15
12416,54611.0,115.32,38.93,2009,3,31,6.632322185,5.303692078265936,-1.3286301067340638,2009-03-31
2408,53696.0,115.02,38.55,2009,4,8,10.32225559,12.042902782138,1.720647192138001,2009-04-08
13019,54620.0,115.57,38.48,2009,4,10,10.17042948,11.506534627480066,1.3361051474800671,2009-04-10
23745,57095.0,114.15,34.12,2009,4,24,5.269099445,5.117143713898142,-0.1519557311018582,2009-04-24
23186,57087.0,113.73,34.27,2009,4,26,9.090217638,9.413282525373011,0.3230648873730111,2009-04-26
8994,54499.0,116.22,40.22,2009,5,2,12.97740184,13.025827444336892,0.0484256043368915,2009-05-02
22045,54925.0,117.68,35.5,2009,5,9,21.04961184,21.92373127864682,0.8741194386468187,2009-05-09
7946,54424.0,117.12,40.17,2009,5,19,18.04472681,19.56385451720844,1.5191277072084368,2009-05-19
21661,54919.0,116.98,35.38,2009,5,23,10.04887263,11.681189680859468,1.6323170508594682,2009-05-23
17104,54803.0,116.02,36.98,2009,5,31,21.72516562,20.444393122804247,-1.280772497195752,2009-05-31
11085,54534.0,118.1,39.65,2009,6,10,15.03258811,16.70998368798894,1.677395577988941,2009-06-10
6310,53992.0,114.52,35.65,2009,6,17,8.109600213,12.252647167359042,4.143046954359042,2009-06-17
26330,58116.0,116.87,34.03,2009,6,26,17.50723573,20.52507179401925,3.0178360640192565,2009-06-26
4202,53882.0,113.03,36.07,2009,7,7,9.057960343,8.429619810713689,-0.6283405322863107,2009-07-07
3100,53785.0,114.67,37.52,2009,7,18,5.037719563,5.201318487057749,0.1635989240577497,2009-07-18
19201,54834.0,118.28,36.87,2009,7,23,9.184088318,9.016773160867343,-0.1673151571326574,2009-07-23
19329,54836.0,118.17,36.18,2009,7,27,4.368379091,4.8292309371801885,0.460851846180188,2009-07-27
20245,54857.0,120.33,36.07,2009,8,4,6.934623821,5.976309459469806,-0.958314361530194,2009-08-04
6897,54398.0,116.62,40.13,2009,8,11,14.74591292,12.974573244986898,-1.7713396750131023,2009-08-11
22925,57082.0,113.02,34.47,2009,8,15,14.60236784,15.7961850104202,1.1938171704202016,2009-08-15
14181,54702.0,115.7,37.73,2009,9,4,0.27411855,0.9754660385066308,0.7013474885066306,2009-09-04
15820,54728.0,117.35,37.77,2009,9,8,2.331995444,1.0233828908885323,-1.3086125531114674,2009-09-08
9907,54515.0,116.7,39.5,2009,9,13,9.284919564,9.546993925796077,0.2620743617960741,2009-09-13
17293,54806.0,115.97,36.42,2009,9,17,1.687243762,2.446142169164201,0.7588984071642009,2009-09-17
5474,53979.0,113.08,35.15,2009,9,21,8.352843478,6.75583208680896,-1.5970113911910406,2009-09-21
2647,53699.0,114.95,38.18,2009,9,25,5.968087343,6.088737679537326,0.1206503365373263,2009-09-25
6123,53988.0,113.67,35.27,2009,9,29,4.971528274,5.417434061365127,0.4459057873651275,2009-09-29
10563,54527.0,117.05,39.08,2009,10,4,10.39344739,10.54859628284808,0.1551488928480804,2009-10-04
6959,54399.0,116.28,39.98,2009,10,5,9.133073178,10.006051314153153,0.8729781361531526,2009-10-05
10222,54521.0,116.98,39.7,2009,10,11,4.315296808,4.636687321075479,0.321390513075479,2009-10-11
13280,54624.0,117.32,38.4,2009,10,22,8.392507453,9.007734784063947,0.6152273310639469,2009-10-22
19708,54844.0,119.18,36.42,2009,10,23,6.475387924,7.020804853632805,0.5454169296328057,2009-10-23
9885,54515.0,116.7,39.5,2009,10,31,1.656320688,3.5452964978569232,1.8889758098569231,2009-10-31
8064,54428.0,117.4,40.03,2009,11,2,3.409489075,3.121003303652717,-0.288485771347283,2009-11-02
19973,54851.0,120.57,36.9,2009,11,8,1.782395615,2.667054196926337,0.8846585819263368,2009-11-08
862,53580.0,113.1,39.82,2009,11,10,1.333678191,1.4752947489920794,0.1416165579920794,2009-11-10
15379,54718.0,116.47,37.15,2009,11,22,2.382791095,2.1652800771636604,-0.2175110178363395,2009-11-22
24671,58011.0,116.07,34.8,2009,11,23,4.188386979,1.6468372086068128,-2.541549770393187,2009-11-23
24733,58012.0,116.65,34.67,2009,11,24,2.644207819,0.7647101809246001,-1.8794976380754,2009-11-24
1229,53593.0,114.57,39.83,2009,11,30,0.516270876,0.9871464572086353,0.4708755812086351,2009-11-30
930,53582.0,113.67,39.72,2009,12,10,0.986311647,0.5820510041826927,-0.4042606428173072,2009-12-10
6990,54399.0,116.28,39.98,2009,12,11,3.692312057,3.1972183216321626,-0.4950937353678375,2009-12-11
19185,54834.0,118.28,36.87,2009,12,24,2.713177248,2.3246479728182394,-0.3885292751817606,2009-12-24
15450,54719.0,116.68,38.03,2009,12,31,2.837645708,2.475370524816411,-0.3622751831835891,2009-12-31
15503,54719.0,116.68,38.03,2010,1,3,0.812593579,0.9078851321037454,0.0952915531037454,2010-01-03
30,53481.0,113.22,40.8,2010,1,4,0.404969415,0.2056388321796551,-0.1993305828203448,2010-01-04
20763,54904.0,115.52,35.58,2010,1,12,2.737510322,2.040097142187653,-0.6974131798123469,2010-01-12
7949,54424.0,117.12,40.17,2010,1,14,1.340107256,1.4101819640617863,0.0700747080617862,2010-01-14
7416,54410.0,116.13,40.6,2010,1,18,3.844792699,1.612433097039505,-2.2323596019604945,2010-01-18
25924,58035.0,118.35,34.33,2010,2,6,2.25182997,1.8166398743540004,-0.4351900956459997,2010-02-06
9489,54507.0,115.52,39.33,2010,2,10,3.975749686,3.5831857673971754,-0.3925639186028244,2010-02-10
304,53487.0,113.42,40.08,2010,2,12,1.501910087,1.4119471073727847,-0.0899629796272152,2010-02-12
1971,53690.0,114.18,38.85,2010,2,24,2.806528483,3.487688398166932,0.6811599151669312,2010-02-24
5412,53974.0,114.23,35.6,2010,3,5,3.903422544,3.9830811553291503,0.0796586113291502,2010-03-05
18651,54824.0,117.95,36.63,2010,3,16,5.459546997,6.433748676033549,0.9742016790335484,2010-03-16
15201,54715.0,116.52,37.32,2010,3,25,3.196272272,3.3598397278477914,0.1635674558477915,2010-03-25
20930,54907.0,116.65,34.98,2010,4,1,8.214737896,7.649047896308772,-0.5656899996912284,2010-04-01
7892,54423.0,117.92,40.97,2010,4,9,2.152212698,3.894671500996715,1.7424588029967154,2010-04-09
13231,54622.0,117.37,38.98,2010,4,20,5.325849228,5.27228896211115,-0.0535602658888496,2010-04-20
4641,53889.0,113.87,36.07,2010,4,25,7.534139126,7.443319010891677,-0.0908201151083236,2010-04-25
21922,54920.0,117.28,35.65,2010,5,1,9.694145034,12.53538452398606,2.8412394899860605,2010-05-01
13901,54640.0,114.87,36.92,2010,5,7,12.33533476,11.643119874040194,-0.6922148859598067,2010-05-07
7058,54401.0,114.92,40.77,2010,5,17,9.577697277,6.425564441830298,-3.152132835169702,2010-05-17
26186,58045.0,119.6,34.2,2010,5,21,4.732137504,6.031962295511272,1.2998247915112726,2010-05-21
9107,54501.0,115.68,39.97,2010,5,29,6.979528068,10.171496023941328,3.1919679559413288,2010-05-29
3200,53788.0,113.57,37.33,2010,6,5,4.720785442,7.1426150128447,2.4218295708447,2010-06-05
16858,54759.0,120.85,37.32,2010,6,17,9.207392832,6.637284414613171,-2.5701084173868294,2010-06-17
26418,58049.0,119.8,34.02,2010,6,23,7.112977015,10.088896101607956,2.975919086607956,2010-06-23
1627,53682.0,114.68,38.63,2010,7,5,16.74918445,21.01342312266798,4.264238672667979,2010-07-05
6821,54304.0,115.27,40.95,2010,7,10,4.834236623,4.100704411379009,-0.7335322116209904,2010-07-10
1647,53682.0,114.68,38.63,2010,7,20,6.9268644,7.1840139924373085,0.2571495924373081,2010-07-20
11513,54594.0,116.35,39.72,2010,7,23,13.70061707,13.343449151514536,-0.3571679184854641,2010-07-23
8667,54437.0,118.62,39.5,2010,7,29,5.805283734,7.4076051821845565,1.602321448184557,2010-07-29
14973,54712.0,116.82,37.2,2010,8,4,7.882849504,6.017891461813203,-1.8649580421867968,2010-08-04
20313,54855.0,120.38,36.4,2010,8,12,5.324381587,3.650306295268273,-1.674075291731728,2010-08-12
16986,54800.0,115.25,37.0,2010,8,30,3.281579735,3.619992221450972,0.3384124864509714,2010-08-30
2929,53783.0,113.72,37.6,2010,9,6,3.093876075,3.643337252606778,0.5494611776067782,2010-09-06
3320,53789.0,114.63,37.88,2010,9,11,10.14306464,7.450580929719138,-2.692483710280862,2010-09-11
22083,54922.0,117.75,35.87,2010,9,13,5.320691152,6.670348458082496,1.349657306082496,2010-09-13
10001,54517.0,117.2,39.07,2010,9,18,2.076600647,3.825206216580753,1.7486055695807532,2010-09-18
2143,53692.0,114.98,38.73,2010,9,22,5.087406361,6.02246684282744,0.9350604818274402,2010-09-22
9455,54507.0,115.52,39.33,2010,9,25,3.030072546,4.518478083398832,1.488405537398832,2010-09-25
7283,54406.0,115.97,40.45,2010,10,2,3.464855168,5.018634470671103,1.5537793026711024,2010-10-02
24754,58011.0,116.07,34.8,2010,10,4,6.984752615,9.56303566662919,2.5782830516291906,2010-10-04
818,53580.0,113.1,39.82,2010,10,11,3.130197377,3.9688203470696655,0.8386229700696664,2010-10-11
11493,54594.0,116.35,39.72,2010,10,17,5.918957815,6.400846859345984,0.4818890443459844,2010-10-17
2074,53691.0,114.57,38.15,2010,10,22,3.993462783,3.028699060969602,-0.9647637220303982,2010-10-22
8237,54430.0,118.22,40.78,2010,10,31,3.205966407,3.3232498671316537,0.1172834601316537,2010-10-31
15239,54715.0,116.52,37.32,2010,11,2,4.130223523,4.05261894131046,-0.0776045816895401,2010-11-02
14928,54711.0,116.28,37.7,2010,11,8,5.569740678,5.91161463400808,0.3418739560080803,2010-11-08
6010,53986.0,113.88,35.32,2010,11,10,6.647309697,7.867865878609105,1.2205561816091048,2010-11-10
6621,53996.0,114.65,36.45,2010,11,19,5.151649798,4.269222941364455,-0.8824268566355453,2010-11-19
24165,57191.0,114.47,34.52,2010,11,23,6.801110052,5.643349819357896,-1.1577602326421044,2010-11-23
22004,54921.0,116.33,35.42,2010,11,24,4.940816794,5.123495699483984,0.1826789054839839,2010-11-24
23035,57082.0,113.02,34.47,2010,11,28,8.721232873,9.408368124571568,0.6871352515715685,2010-11-28
6036,53987.0,113.35,35.1,2010,12,6,5.546659125,6.205433959133126,0.6587748341331263,2010-12-06
18146,54817.0,115.87,35.98,2010,12,10,5.868119643,5.883752203943358,0.0156325609433576,2010-12-10
1899,53689.0,115.07,38.02,2010,12,18,4.123135881,4.088940566836846,-0.0341953141631536,2010-12-18
13747,54633.0,115.27,37.5,2010,12,24,3.291003997,2.313787953791551,-0.9772160432084488,2010-12-24
26171,58044.0,119.23,34.55,2010,12,31,3.629710862,3.4764391543684425,-0.1532717076315575,2010-12-31
10959,54531.0,118.72,39.73,2011,1,3,1.59327266,1.8536900848545963,0.2604174248545963,2011-01-03
24183,57191.0,114.47,34.52,2011,1,9,3.33351989,3.1281876058482947,-0.2053322841517051,2011-01-09
13092,54619.0,116.92,38.92,2011,1,12,2.837645708,3.687931096853368,0.8502853888533677,2011-01-12
24766,58008.0,115.33,34.47,2011,1,14,2.72759126,2.809052120059143,0.0814608600591428,2011-01-14
6260,53991.0,114.33,35.92,2011,1,23,3.039832607,2.943865751996123,-0.0959668550038772,2011-01-23
4181,53882.0,113.03,36.07,2011,2,7,4.781928555,4.396988830547935,-0.3849397244520656,2011-02-07
13394,54624.0,117.32,38.4,2011,2,10,1.014403176,1.4017887641741948,0.3873855881741948,2011-02-10
6054,53987.0,113.35,35.1,2011,2,22,6.071585996,6.266405514813046,0.1948195188130466,2011-02-22
16929,54759.0,120.85,37.32,2011,3,3,2.207327269,1.790928276981429,-0.4163989920185709,2011-03-03
2288,53694.0,114.22,38.27,2011,3,11,9.140805272,6.84603050013635,-2.2947747718636498,2011-03-11
19870,54846.0,119.73,36.38,2011,3,20,6.626715837,5.766714882810191,-0.8600009541898093,2011-03-20
13731,54632.0,115.03,37.07,2011,3,30,8.241808365,9.087106239562736,0.8452978745627355,2011-03-30
10265,54521.0,116.98,39.7,2011,4,2,4.825015514,5.516638015289386,0.6916225012893857,2011-04-02
20100,54851.0,120.57,36.9,2011,4,9,8.887475299,11.24986609441086,2.3623907954108603,2011-04-09
7813,54421.0,117.12,40.65,2011,4,20,11.5888456,11.352644216505942,-0.236201383494059,2011-04-20
890,53582.0,113.67,39.72,2011,4,25,9.768069173,9.00037455450459,-0.7676946184954101,2011-04-25
7052,54399.0,116.28,39.98,2011,5,2,19.52382068,17.48345392908772,-2.0403667509122805,2011-05-02
10743,54528.0,117.13,39.23,2011,5,9,5.362188778,6.425872725448306,1.0636839474483055,2011-05-09
12590,54612.0,116.45,38.85,2011,5,19,15.00655919,16.078257596506322,1.0716984065063215,2011-05-19
14730,54708.0,115.73,37.5,2011,5,21,7.449416457,7.419211185775115,-0.0302052712248848,2011-05-21
11118,54533.0,118.1,39.58,2011,5,29,15.10017465,13.916869662788342,-1.183304987211658,2011-05-29
13116,54620.0,115.57,38.48,2011,6,7,16.2109955,14.029093603336753,-2.181901896663246,2011-06-07
2898,53782.0,113.62,37.93,2011,6,21,18.25980481,19.61797760021645,1.3581727902164502,2011-06-21
13808,54633.0,115.27,37.5,2011,6,26,16.84122928,14.877276117557578,-1.9639531624424225,2011-06-26
1379,53596.0,115.13,38.85,2011,7,6,11.85864437,11.897067973835842,0.0384236038358416,2011-07-06
21690,54917.0,116.33,35.13,2011,7,11,14.57163344,11.028373360529244,-3.5432600794707554,2011-07-11
3185,53786.0,113.33,37.08,2011,7,21,4.616280997,4.315157904789322,-0.3011230922106778,2011-07-21
22390,54929.0,117.97,35.27,2011,7,23,9.02272769,8.21998031574208,-0.8027473742579208,2011-07-23
24217,58001.0,115.1,34.43,2011,8,1,3.411282698,5.3576702001036285,1.9463875021036283,2011-08-01
11386,54540.0,119.2,39.73,2011,8,5,5.384630042,4.78280534296256,-0.6018246990374401,2011-08-05
25303,58021.0,117.28,34.78,2011,8,14,7.792355732,8.047223781587823,0.2548680495878228,2011-08-14
26256,58045.0,119.6,34.2,2011,9,4,8.154307636,7.223786004428566,-0.930521631571434,2011-09-04
17927,54814.0,116.25,36.53,2011,9,6,4.330884218,9.52896342263504,5.198079204635041,2011-09-06
22683,54938.0,118.4,35.05,2011,9,12,5.885582372,5.341788580666974,-0.5437937913330257,2011-09-12
11527,54594.0,116.35,39.72,2011,9,13,2.735575168,3.705276780144933,0.9697016121449332,2011-09-13
9880,54514.0,116.25,39.87,2011,9,19,9.629733468,8.150291424157842,-1.4794420438421572,2011-09-19
21875,54919.0,116.98,35.38,2011,9,22,12.38581975,8.391188684324208,-3.994631065675792,2011-09-22
14096,54645.0,117.47,38.85,2011,9,27,7.231044695,8.443724772735912,1.2126800777359126,2011-09-27
9421,54506.0,115.95,39.32,2011,10,2,6.489697197,4.6760060523126885,-1.813691144687312,2011-10-02
24650,58007.0,115.3,34.07,2011,10,5,3.791244005,5.124775094268877,1.333531089268877,2011-10-05
10339,54522.0,117.73,39.88,2011,10,11,4.720785442,6.498479608732853,1.7776941667328527,2011-10-11
18718,54825.0,117.85,36.52,2011,10,17,6.557295765,6.897217929716786,0.3399221647167856,2011-10-17
17535,54807.0,115.77,36.15,2011,10,23,1.363239563,2.2332819659292933,0.8700424029292932,2011-10-23
24949,58013.0,116.9,34.75,2011,10,31,4.833132425,3.975887651662347,-0.8572447733376527,2011-10-31
4285,53883.0,114.7,37.13,2011,11,2,3.840618778,4.8885852435395485,1.0479664655395484,2011-11-02
2738,53780.0,113.15,37.9,2011,11,8,0.646019439,0.8456920034869065,0.1996725644869065,2011-11-08
25977,58035.0,118.35,34.33,2011,11,19,3.582690029,3.509239105124706,-0.0734509238752942,2011-11-19
19004,54830.0,117.93,36.82,2011,11,22,4.153411111,3.803796373274282,-0.3496147377257177,2011-11-22
4862,53892.0,114.47,36.62,2011,11,23,4.936696616,3.683189648138292,-1.253506967861708,2011-11-23
25588,58025.0,117.73,34.57,2011,11,28,1.243699887,1.3518435141873058,0.1081436271873057,2011-11-28
5929,53985.0,113.82,35.5,2011,12,3,1.297964626,1.0643529638353764,-0.2336116621646236,2011-12-03
19078,54831.0,118.5,36.65,2011,12,6,0.0,0.0698772696288289,0.0698772696288289,2011-12-06
23676,57091.0,114.3,34.78,2011,12,11,4.287682316,2.97495347227212,-1.31272884372788,2011-12-11
2273,53694.0,114.22,38.27,2011,12,18,1.30297313,1.8738177150164232,0.5708445850164232,2011-12-18
9068,54499.0,116.22,40.22,2011,12,25,3.013124801,3.699619196616285,0.6864943956162843,2011-12-25
20886,54905.0,115.93,35.58,2012,1,3,1.716846307,2.1817869062538486,0.4649405992538487,2012-01-03
19787,54843.0,119.2,36.75,2012,1,4,2.560896753,1.8694517247488684,-0.6914450282511317,2012-01-04
25600,58025.0,117.73,34.57,2012,1,9,1.09557364,0.9528843056462176,-0.1426893343537824,2012-01-09
19376,54834.0,118.28,36.87,2012,1,12,2.519852754,1.7511422886547237,-0.7687104653452763,2012-01-12
21885,54919.0,116.98,35.38,2012,1,18,2.838223186,1.5921093279231169,-1.2461138580768834,2012-01-18
25851,58032.0,118.65,34.95,2012,1,23,2.109954999,2.0449781950975883,-0.0649768039024119,2012-01-23
26028,58035.0,118.35,34.33,2012,2,7,3.951639083,3.079103959203348,-0.8725351237966517,2012-02-07
1517,53680.0,114.38,38.3,2012,2,11,4.512010093,4.76478922791428,0.25277913491428,2012-02-11
10371,54522.0,117.73,39.88,2012,2,23,4.126351058,3.555093178407422,-0.571257879592578,2012-02-23
19285,54833.0,118.08,36.97,2012,3,3,2.936323479,3.1697275166707857,0.2334040376707857,2012-03-03
12575,54612.0,116.45,38.85,2012,3,11,4.939567791,5.078515556003613,0.1389477650036132,2012-03-11
20704,54903.0,115.48,35.85,2012,3,20,4.304425396,3.1553215154777026,-1.1491038805222975,2012-03-20
12158,54606.0,115.73,38.23,2012,3,31,10.98373315,11.753120789660818,0.7693876396608168,2012-03-31
7667,54419.0,116.63,40.37,2012,4,7,8.861170223,8.7392177446597,-0.1219524783403009,2012-04-07
23339,57086.0,113.72,34.38,2012,4,19,3.821361302,4.140325530126564,0.3189642281265636,2012-04-19
1667,53682.0,114.68,38.63,2012,4,23,3.483756926,4.479881397871774,0.9961244718717746,2012-04-23
14744,54708.0,115.73,37.5,2012,4,27,13.81105153,12.913921166947796,-0.8971303630522041,2012-04-27
4004,53878.0,113.38,36.52,2012,5,3,11.27740412,12.92236318631323,1.6449590663132303,2012-05-03
8895,54452.0,119.8,40.8,2012,5,11,10.72704993,7.914665567652892,-2.812384362347108,2012-05-11
6583,53995.0,114.5,35.55,2012,5,19,13.29817442,13.3661006522555,0.0679262322555001,2012-05-19
6600,53996.0,114.65,36.45,2012,5,22,5.784835756,7.816960082547209,2.0321243265472093,2012-05-22
4115,53880.0,113.23,36.33,2012,5,30,9.790534994,6.025367010669246,-3.7651679833307536,2012-05-30
6766,53998.0,114.65,35.2,2012,6,10,15.94492231,16.152947905983325,0.2080255959833241,2012-06-10
8259,54430.0,118.22,40.78,2012,6,21,10.83370182,10.291709234449392,-0.5419925855506076,2012-06-21
18017,54815.0,116.27,36.38,2012,6,27,14.44364532,12.867920308361548,-1.5757250116384522,2012-06-27
8484,54433.0,116.5,39.95,2012,7,7,7.802124954,8.860767992478687,1.058643038478687,2012-07-07
1067,53585.0,113.27,39.17,2012,7,17,10.43353239,8.652462458903255,-1.781069931096745,2012-07-17
2740,53780.0,113.15,37.9,2012,7,21,2.393102934,4.267996019980912,1.8748930859809123,2012-07-21
5591,53981.0,113.27,35.78,2012,7,25,6.781404323,4.923105616049586,-1.8582987069504144,2012-07-25
4068,53880.0,113.23,36.33,2012,8,3,1.070105886,1.6110667954971398,0.5409609094971399,2012-08-03
11447,54540.0,119.2,39.73,2012,8,10,10.08444036,8.284674195158944,-1.7997661648410563,2012-08-10
2723,53780.0,113.15,37.9,2012,8,15,6.038512005,5.025495549087313,-1.0130164559126875,2012-08-15
7190,54405.0,115.5,40.42,2012,9,4,9.2663473,9.298517885386511,0.0321705853865132,2012-09-04
21204,54909.0,115.52,35.08,2012,9,8,1.289494373,0.9764778201637851,-0.3130165528362146,2012-09-08
15736,54725.0,117.53,37.5,2012,9,12,5.077909096,4.867601696656468,-0.2103073993435318,2012-09-12
14025,54644.0,117.12,38.05,2012,9,14,7.246820753,6.086963763681025,-1.1598569893189747,2012-09-14
5420,53974.0,114.23,35.6,2012,9,20,8.384279084,8.216401035310389,-0.1678780486896105,2012-09-20
3005,53784.0,114.78,37.75,2012,9,24,5.820644984,5.820814886923638,0.0001699029236377,2012-09-24
689,53498.0,115.03,40.57,2012,9,29,6.51556634,6.286382032937068,-0.2291843070629324,2012-09-29
25823,58030.0,118.02,34.88,2012,10,4,8.292859747,8.155498389666995,-0.1373613573330043,2012-10-04
15461,54718.0,116.47,37.15,2012,10,5,4.287024638,4.427676582929655,0.1406519449296546,2012-10-05
23886,57094.0,114.22,34.4,2012,10,11,10.32717839,12.636458283449096,2.309279893449096,2012-10-11
2006,53690.0,114.18,38.85,2012,10,22,7.408884582,6.65420893527778,-0.7546756467222195,2012-10-22
5072,53895.0,114.45,36.75,2012,10,23,9.003569552,9.323042317538995,0.319472765538995,2012-10-23
11494,54541.0,119.23,39.9,2012,10,31,5.949146752,3.806789034369284,-2.142357717630716,2012-10-31
14212,54700.0,115.93,38.03,2012,11,2,5.04845373,5.24846793026402,0.2000142002640199,2012-11-02
25531,58024.0,117.58,34.87,2012,11,9,2.100197603,2.5474553869188936,0.4472577839188938,2012-11-09
5653,53981.0,113.27,35.78,2012,11,19,3.866250795,3.9088400650004895,0.0425892700004895,2012-11-19
8131,54429.0,117.95,40.2,2012,11,22,2.884440831,2.800849360702897,-0.0835914702971032,2012-11-22
11725,54597.0,115.73,39.73,2012,11,23,3.191424393,2.8010311274099022,-0.3903932655900979,2012-11-23
7320,54406.0,115.97,40.45,2012,11,28,3.40673826,3.352898195916412,-0.0538400640835887,2012-11-28
4899,53893.0,114.95,36.77,2012,12,3,4.640855868,4.775388854022932,0.1345329860229318,2012-12-03
18458,54821.0,117.2,37.0,2012,12,7,2.108271002,2.036117577805553,-0.0721534241944468,2012-12-07
6061,53987.0,113.35,35.1,2012,12,11,2.306193168,2.569409858016105,0.263216690016105,2012-12-11
3064,53785.0,114.67,37.52,2012,12,18,1.029620722,1.229966202822282,0.2003454808222819,2012-12-18
26400,58047.0,119.23,34.25,2012,12,25,1.932043809,1.8713081802783944,-0.0607356287216058,2012-12-25
21630,54915.0,116.6,35.43,2013,1,3,1.937038848,2.678236017516215,0.7411971695162152,2013-01-03
24020,57096.0,114.78,34.53,2013,1,4,1.920796379,1.889316109262904,-0.0314802697370961,2013-01-04
8613,54436.0,118.95,40.42,2013,1,9,1.248269951,1.4152458920717517,0.1669759410717517,2013-01-09
9349,54503.0,115.82,39.07,2013,1,14,0.308157776,0.6641709559618754,0.3560131799618753,2013-01-14
21613,54915.0,116.6,35.43,2013,1,18,1.845176657,2.216279010978203,0.3711023539782028,2013-01-18
19565,54837.0,118.83,36.68,2013,1,23,0.672337066,0.4937866766151254,-0.1785503893848745,2013-01-23
15588,54719.0,116.68,38.03,2013,2,7,2.096791409,1.9686669199514164,-0.1281244890485837,2013-02-07
18549,54822.0,117.73,36.87,2013,2,12,1.420620448,2.38724216021042,0.9666217122104196,2013-02-12
17754,54810.0,116.27,36.87,2013,2,22,2.559994469,2.4901169748627665,-0.0698774941372333,2013-02-22
18725,54824.0,117.95,36.63,2013,3,3,6.965303637,5.883326723366801,-1.0819769136331985,2013-03-03
5483,53979.0,113.08,35.15,2013,3,15,4.749981624,4.760756265065395,0.010774641065395,2013-03-15
14175,54700.0,115.93,38.03,2013,3,20,2.606527466,2.6144874375730964,0.0079599715730962,2013-03-20
9136,54499.0,116.22,40.22,2013,3,31,1.526646531,1.3816326974055393,-0.1450138335944606,2013-03-31
18262,54818.0,116.42,36.25,2013,4,8,9.328600661,9.5840183273782,0.2554176663782019,2013-04-08
12883,54616.0,116.85,38.35,2013,4,19,3.094505875,2.0822372799310496,-1.0122685950689505,2013-04-19
19630,54837.0,118.83,36.68,2013,4,23,5.121959813,3.487685790222443,-1.6342740227775572,2013-04-23
20444,54857.0,120.33,36.07,2013,4,28,3.354508737,3.888782028980233,0.5342732919802327,2013-04-28
25388,58021.0,117.28,34.78,2013,5,3,8.344823898,9.208169139238104,0.863345241238104,2013-05-03
98,53483.0,113.83,40.87,2013,5,15,15.68936717,15.756241415739217,0.0668742457392159,2013-05-15
26122,58036.0,118.72,34.55,2013,5,19,5.806261544,5.55503662182575,-0.2512249221742495,2013-05-19
14841,54709.0,116.07,37.23,2013,5,23,8.86172462,10.578913207401133,1.7171885874011323,2013-05-23
23233,57083.0,113.65,34.72,2013,6,1,16.19556568,12.427604578377649,-3.767961101622354,2013-06-01
11503,54541.0,119.23,39.9,2013,6,14,15.88998897,14.175137725955215,-1.7148512440447838,2013-06-14
16521,54738.0,118.4,37.05,2013,6,22,2.155957479,2.5831162214679746,0.4271587424679746,2013-06-22
17054,54800.0,115.25,37.0,2013,7,3,19.09993022,19.35789897602335,0.2579687560233488,2013-07-03
21953,54919.0,116.98,35.38,2013,7,7,13.69126493,10.145601249889872,-3.5456636801101293,2013-07-07
7386,54408.0,115.22,40.38,2013,7,18,9.277796107,6.401946072787807,-2.8758500342121938,2013-07-18
19979,54846.0,119.73,36.38,2013,7,22,1.352578134,3.190209762704985,1.8376316287049848,2013-07-22
11215,54534.0,118.1,39.65,2013,7,27,3.654044697,2.4884245420628384,-1.1656201549371614,2013-07-27
14266,54701.0,115.2,37.93,2013,8,4,7.467962688,8.036305143530235,0.5683424555302352,2013-08-04
21811,54917.0,116.33,35.13,2013,8,11,11.88328306,10.010813093032022,-1.8724699669679783,2013-08-11
11449,54540.0,119.2,39.73,2013,8,16,5.577952716,5.719518774904409,0.1415660589044085,2013-08-16
2549,53698.0,114.35,38.07,2013,9,4,7.536517154,5.896463165465601,-1.6400539885343992,2013-09-04
2459,53696.0,115.02,38.55,2013,9,8,4.062073981,5.240059591472048,1.1779856104720476,2013-09-08
9428,54505.0,116.1,39.93,2013,9,12,4.251858438,4.8335606667242565,0.5817022287242564,2013-09-12
24597,58005.0,115.53,34.43,2013,9,14,7.595064185,6.964354721259012,-0.6307094637409882,2013-09-14
16699,54749.0,119.95,37.18,2013,9,20,7.328680642,8.955027120020112,1.6263464780201122,2013-09-20
9625,54510.0,116.95,39.92,2013,9,25,7.639010471,7.166576089494437,-0.4724343815055629,2013-09-25
22509,54932.0,118.65,35.77,2013,10,1,3.398272271,5.565698995299274,2.167426724299274,2013-10-01
21786,54917.0,116.33,35.13,2013,10,4,12.05174116,6.647142126415541,-5.40459903358446,2013-10-04
25234,58017.0,116.13,34.25,2013,10,5,6.64191313,6.244843398045753,-0.3970697319542466,2013-10-05
4734,53891.0,114.68,37.02,2013,10,11,15.28454447,12.299261566856432,-2.9852829031435686,2013-10-11
2007,53690.0,114.18,38.85,2013,10,22,3.656932123,5.60469818306493,1.9477660600649305,2013-10-22
7032,54399.0,116.28,39.98,2013,10,23,7.117583676,5.163577751733094,-1.954005924266906,2013-10-23
14844,54709.0,116.07,37.23,2013,10,31,2.906000243,2.9540177929761784,0.0480175499761785,2013-10-31
19624,54837.0,118.83,36.68,2013,11,3,3.301354455,4.1788307827782,0.8774763277782003,2013-11-03
22212,54923.0,117.93,35.72,2013,11,10,4.597069063,5.036114252157038,0.4390451891570377,2013-11-10
10304,54520.0,117.08,39.97,2013,11,19,5.524828414,5.268772524449396,-0.2560558895506037,2013-11-19
24214,57191.0,114.47,34.52,2013,11,22,3.237394648,2.976258997240252,-0.2611356507597477,2013-11-22
16349,54734.0,118.0,37.35,2013,11,24,1.124453703,1.7595827271748778,0.6351290241748779,2013-11-24
7986,54424.0,117.12,40.17,2013,11,28,4.187125859,3.7098078683263545,-0.4773179906736455,2013-11-28
18212,54817.0,115.87,35.98,2013,12,3,3.727908989,3.5685505001876727,-0.1593584888123271,2013-12-03
26531,58048.0,119.35,34.12,2013,12,10,3.41334182,3.571381082444931,0.1580392624449311,2013-12-10
23812,57093.0,114.82,34.85,2013,12,11,5.131937797,5.855514176617424,0.7235763796174242,2013-12-11
24312,58001.0,115.1,34.43,2013,12,24,1.170188944,1.0062023075848192,-0.1639866364151807,2013-12-24
12323,54608.0,115.55,38.0,2013,12,25,1.500345616,1.6430895793423086,0.1427439633423086,2013-12-25
547,53491.0,114.38,40.68,2014,1,3,2.998157253,2.739555446545867,-0.2586018064541329,2014-01-03
5207,53897.0,114.35,36.4,2014,1,4,3.363876966,4.808118354863935,1.4442413888639352,2014-01-04
6603,53995.0,114.5,35.55,2014,1,9,1.60751316,1.590045549276326,-0.0174676107236739,2014-01-09
20110,54849.0,120.03,36.22,2014,1,12,2.127949151,1.6166453119250794,-0.5113038390749207,2014-01-12
8770,54438.0,118.88,39.88,2014,1,18,1.304796174,1.4777952575774074,0.1729990835774073,2014-01-18
5833,53984.0,113.47,35.23,2014,1,23,2.860330443,3.703252455123592,0.8429220121235916,2014-01-23
3858,53797.0,114.38,37.28,2014,2,10,1.806993878,2.04755165448624,0.2405577764862401,2014-02-10
20865,54905.0,115.93,35.58,2014,2,12,2.101732727,1.992640021039001,-0.1090927059609989,2014-02-12
10516,54523.0,117.07,39.43,2014,2,22,2.136266987,2.5370618912155383,0.4007949042155383,2014-02-22
17256,54802.0,115.73,36.82,2014,3,9,2.889608349,3.850346942294693,0.9607385932946936,2014-03-09
3842,53797.0,114.38,37.28,2014,3,16,8.349975243,9.144735831229204,0.7947605882292059,2014-03-16
3818,53797.0,114.38,37.28,2014,3,25,6.254090474,7.882433115197607,1.628342641197607,2014-03-25
20423,54857.0,120.33,36.07,2014,4,1,4.702781507,3.1953948180262586,-1.5073866889737415,2014-04-01
13255,54620.0,115.57,38.48,2014,4,9,11.88381684,12.578146298610092,0.6943294586100919,2014-04-09
18373,54819.0,116.8,36.18,2014,4,19,5.038017326,4.830783937468307,-0.2072333885316934,2014-04-19
10828,54528.0,117.13,39.23,2014,4,22,13.3205986,14.735936948604817,1.4153383486048146,2014-04-22
24555,58004.0,115.15,34.65,2014,5,1,7.571138939,7.703113500211588,0.1319745612115879,2014-05-01
3103,53785.0,114.67,37.52,2014,5,7,13.33747704,11.472632904837896,-1.864844135162104,2014-05-07
9580,54507.0,115.52,39.33,2014,5,17,14.27151321,12.368934754247816,-1.9025784557521843,2014-05-17
2569,53698.0,114.35,38.07,2014,5,20,23.95971714,17.056347663985967,-6.903369476014031,2014-05-20
2199,53693.0,114.13,38.03,2014,5,28,38.01064534,36.06676096930381,-1.943884370696189,2014-05-28
25734,58026.0,118.02,34.4,2014,6,3,7.503279596,5.748227775363363,-1.7550518206366368,2014-06-03
16087,54729.0,117.87,37.17,2014,6,15,14.54021494,12.573882952670452,-1.966331987329548,2014-06-15
13145,54619.0,116.92,38.92,2014,6,22,7.768737702,6.344093234324107,-1.4246444676758934,2014-06-22
22695,54938.0,118.4,35.05,2014,7,4,10.67009045,11.718480906532411,1.0483904565324131,2014-07-04
14115,54644.0,117.12,38.05,2014,7,7,12.6237182,15.313399020940828,2.6896808209408274,2014-07-07
20835,54904.0,115.52,35.58,2014,7,19,13.1480314,14.775998603875754,1.6279672038757536,2014-07-19
9430,54505.0,116.1,39.93,2014,7,22,23.76724423,14.907833431928175,-8.859410798071824,2014-07-22
14193,54645.0,117.47,38.85,2014,7,29,15.58471146,15.42788987742241,-0.1568215825775887,2014-07-29
14756,54707.0,115.98,37.35,2014,8,4,13.0857696,11.260269972408434,-1.825499627591567,2014-08-04
5395,53899.0,114.97,36.48,2014,8,11,9.524239737,10.09678771020523,0.5725479732052303,2014-08-11
4159,53882.0,113.03,36.07,2014,8,28,5.533780649,6.428506461026994,0.8947258120269943,2014-08-28
19572,54837.0,118.83,36.68,2014,9,6,8.006480872,8.869680161483405,0.863199289483406,2014-09-06
11219,54533.0,118.1,39.58,2014,9,11,9.263153003,8.714599492716085,-0.5485535102839147,2014-09-11
2904,53782.0,113.62,37.93,2014,9,12,0.602583507,1.89739253372683,1.29480902672683,2014-09-12
9518,54506.0,115.95,39.32,2014,9,16,5.579869618,5.271768051690258,-0.3081015663097419,2014-09-16
1301,53594.0,114.18,39.45,2014,9,20,3.743030792,5.517819597503646,1.774788805503646,2014-09-20
13089,54618.0,116.55,38.08,2014,9,25,5.539537196,7.5517687077899,2.0122315117898992,2014-09-25
19721,54842.0,120.0,36.78,2014,10,2,3.355006474,2.948914766055953,-0.4060917079440469,2014-10-02
8140,54428.0,117.4,40.03,2014,10,4,0.668564403,2.623668207148913,1.955103804148913,2014-10-04
23850,57094.0,114.22,34.4,2014,10,5,3.875398155,5.225782153990785,1.350383998990785,2014-10-05
2480,53697.0,114.83,38.03,2014,10,11,4.197027004,6.055173235199863,1.858146231199864,2014-10-11
14928,54709.0,116.07,37.23,2014,10,22,5.069616787,5.395922232445744,0.3263054454457439,2014-10-22
10857,54528.0,117.13,39.23,2014,10,23,1.38262276,2.6099458623006715,1.2273231023006714,2014-10-23
888,53582.0,113.67,39.72,2014,10,31,1.67517674,2.0650650733317644,0.3898883333317644,2014-10-31
16384,54734.0,118.0,37.35,2014,11,8,3.293581609,2.673903403395001,-0.6196782056049988,2014-11-08
2442,53696.0,115.02,38.55,2014,11,10,1.790273789,3.553848760122269,1.7635749711222697,2014-11-10
18178,54817.0,115.87,35.98,2014,11,19,5.891302994,4.785836403436,-1.1054665905640002,2014-11-19
1741,53685.0,113.42,38.07,2014,11,23,2.151491181,2.5328852967250324,0.3813941157250324,2014-11-23
10345,54520.0,117.08,39.97,2014,11,24,2.747610866,2.8275958288181013,0.0799849628181013,2014-11-24
9257,54501.0,115.68,39.97,2014,11,28,2.383608702,2.29873118221689,-0.0848775197831099,2014-11-28
21009,54907.0,116.65,34.98,2014,12,6,2.281451403,3.068492378628119,0.7870409756281189,2014-12-06
26674,58116.0,116.87,34.03,2014,12,10,1.626437267,2.8379714032779018,1.2115341362779015,2014-12-10
25375,58020.0,117.13,34.8,2014,12,11,3.77646329,3.3746879708883823,-0.4017753191116178,2014-12-11
11397,54539.0,118.88,39.43,2014,12,19,3.292455747,2.7658389740058773,-0.5266167729941227,2014-12-19
4492,53886.0,113.67,36.57,2014,12,25,3.335375688,3.607373071315366,0.2719973833153659,2014-12-25
21965,54919.0,116.98,35.38,2015,1,3,5.571563806,4.682254502401042,-0.8893093035989583,2015-01-03
21082,54907.0,116.65,34.98,2015,1,4,3.776440768,4.139261319008361,0.3628205510083613,2015-01-04
2742,53780.0,113.15,37.9,2015,1,9,2.168488113,2.099091296418833,-0.0693968165811664,2015-01-09
8366,54431.0,116.75,39.85,2015,1,14,1.974363926,1.7513186049662754,-0.2230453210337246,2015-01-14
20062,54848.0,119.42,35.98,2015,1,18,3.291421461,4.104842186900726,0.8134207259007256,2015-01-18
12332,54608.0,115.55,38.0,2015,1,23,2.700412637,2.8336075344855867,0.1331948974855867,2015-01-23
24695,58005.0,115.53,34.43,2015,2,10,3.281868534,3.9787962315935,0.6969276975934995,2015-02-10
21718,54916.0,116.85,35.57,2015,2,12,3.115952745,4.37515642364534,1.2592036786453398,2015-02-12
25226,58016.0,116.97,34.18,2015,2,23,4.599941166,3.9432121779778138,-0.656728988022186,2015-02-23
9273,54502.0,116.03,39.48,2015,3,10,4.921830376,4.587013368382103,-0.3348170076178967,2015-03-10
17039,54759.0,120.85,37.32,2015,3,16,3.771954103,3.726789191686068,-0.0451649113139325,2015-03-16
24218,57099.0,114.85,34.07,2015,3,25,7.914069612,7.211931791314885,-0.7021378206851141,2015-03-25
21130,54908.0,115.1,35.27,2015,4,1,0.947822008,1.3254287626267487,0.3776067546267486,2015-04-01
25847,58027.0,117.15,34.28,2015,4,9,6.165469423,4.593240106478465,-1.5722293165215353,2015-04-09
7099,54401.0,114.92,40.77,2015,4,19,10.30572493,9.037217329846406,-1.268507600153594,2015-04-19
26010,58032.0,118.65,34.95,2015,4,23,10.17409563,10.688223123012923,0.5141274930129232,2015-04-23
18624,54822.0,117.73,36.87,2015,5,1,16.17803093,13.571979461197865,-2.606051468802136,2015-05-01
12974,54616.0,116.85,38.35,2015,5,4,14.38980687,15.938569963419251,1.548763093419252,2015-05-04
15846,54726.0,117.18,37.7,2015,5,16,10.64730938,12.911873800149673,2.2645644201496733,2015-05-16
2912,53782.0,113.62,37.93,2015,5,20,14.40638303,15.920833710965098,1.5144506809650975,2015-05-20
16270,54732.0,118.52,37.87,2015,5,28,12.8411575,12.085349332527256,-0.755808167472745,2015-05-28
1175,53593.0,114.57,39.83,2015,6,6,12.60817973,10.359156965175083,-2.2490227648249164,2015-06-06
2250,53693.0,114.13,38.03,2015,6,20,17.00997621,17.164402677881096,0.1544264678810947,2015-06-20
12784,54614.0,116.05,38.42,2015,6,22,15.05542345,14.369836313254025,-0.6855871367459763,2015-06-22
1016,53584.0,113.17,39.57,2015,7,5,8.753826196,11.38890362397124,2.63507742797124,2015-07-05
22477,54929.0,117.97,35.27,2015,7,7,4.359317225,6.45780007533431,2.0984828503343103,2015-07-07
13769,54631.0,115.15,37.07,2015,7,18,4.355623712,6.077416112482788,1.721792400482788,2015-07-18
12315,54607.0,115.12,38.72,2015,7,22,6.612006927,9.38877012078934,2.77676319378934,2015-07-22
24744,58006.0,115.88,34.38,2015,7,28,7.297361391,7.163356550417037,-0.1340048405829632,2015-07-28
6293,53991.0,114.33,35.92,2015,8,4,3.019320114,4.192114987017882,1.1727948730178817,2015-08-04
22146,54921.0,116.33,35.42,2015,8,11,8.645675817,9.03225932872717,0.386583511727169,2015-08-11
770,53499.0,114.73,40.77,2015,8,21,14.70974444,11.487582142882175,-3.2221622971178245,2015-08-21
22541,54932.0,118.65,35.77,2015,9,6,7.571138939,6.132063349545017,-1.4390755894549825,2015-09-06
9612,54507.0,115.52,39.33,2015,9,11,3.989602583,3.201669018260481,-0.7879335647395194,2015-09-11
498,53490.0,114.05,40.43,2015,9,12,5.424065752,6.467672188445878,1.043606436445878,2015-09-12
20360,54853.0,120.42,36.17,2015,9,16,10.17210649,8.309914629346242,-1.8621918606537573,2015-09-16
17762,54809.0,115.28,36.55,2015,9,20,6.252732997,7.501219047861755,1.2484860508617557,2015-09-20
9092,54455.0,120.65,40.62,2015,9,22,3.152849366,3.3831380914031355,0.2302887254031356,2015-09-22
22252,54923.0,117.93,35.72,2015,10,2,10.72437756,11.45546355740736,0.7310859974073605,2015-10-02
6030,53986.0,113.88,35.32,2015,10,4,12.20135108,11.537334487978288,-0.6640165920217118,2015-10-04
20691,54902.0,115.15,35.95,2015,10,5,10.06694739,10.833835730856066,0.7668883408560667,2015-10-05
5254,53898.0,114.13,36.05,2015,10,11,11.31934886,11.982874071311272,0.6635252113112724,2015-10-11
122,53483.0,113.83,40.87,2015,10,22,0.969029159,2.1455307749271983,1.1765016159271984,2015-10-22
1011,53584.0,113.17,39.57,2015,10,23,3.225661474,4.837843005969614,1.6121815319696138,2015-10-23
18292,54818.0,116.42,36.25,2015,10,31,7.143917265,7.102881923278133,-0.0410353417218667,2015-10-31
20660,54901.0,115.17,36.08,2015,11,8,1.021216308,0.7912525990798149,-0.2299637089201851,2015-11-08
9180,54499.0,116.22,40.22,2015,11,10,0.702593631,1.059373622834476,0.3567799918344758,2015-11-10
21877,54918.0,116.97,35.6,2015,11,19,1.652629887,2.179824342516121,0.5271944555161212,2015-11-19
19818,54843.0,119.2,36.75,2015,11,22,0.460988051,0.8090059398553114,0.3480178888553114,2015-11-22
26437,58045.0,119.6,34.2,2015,11,24,0.467747162,0.5052944738482712,0.0375473118482712,2015-11-24
3425,53790.0,114.6,37.63,2015,11,28,0.514101707,0.7370704653565259,0.2229687583565258,2015-11-28
16585,54738.0,118.4,37.05,2015,12,3,3.732538634,3.4786548453814854,-0.2538837886185145,2015-12-03
9248,54501.0,115.68,39.97,2015,12,10,1.818394173,2.272807264593713,0.454413091593713,2015-12-10
24844,58007.0,115.3,34.07,2015,12,11,1.921605722,2.6919928828903887,0.7703871608903887,2015-12-11
23407,57086.0,113.72,34.38,2015,12,18,2.978561554,3.38673427993863,0.4081727259386301,2015-12-18
628,53492.0,114.15,40.1,2015,12,25,2.990804185,1.9498346207629,-1.0409695642371,2015-12-25
813,53580.0,113.1,39.82,2016,1,5,1.593281066,1.6633665880243844,0.0700855220243843,2016-01-05
16181,54738.0,118.4,37.05,2016,1,12,2.025556799,2.393292345907078,0.367735546907078,2016-01-12
19723,54851.0,120.57,36.9,2016,1,14,2.179853871,2.1309511543027857,-0.0489027166972144,2016-01-14
12587,54616.0,116.85,38.35,2016,1,23,0.940361713,1.1024761408359691,0.1621144278359693,2016-01-23
2450,53697.0,114.83,38.03,2016,2,1,3.002131555,2.862228440675714,-0.1399031143242859,2016-02-01
1864,53689.0,115.07,38.02,2016,2,14,4.117959046,3.5260833524379644,-0.5918756935620357,2016-02-14
5996,53988.0,113.67,35.27,2016,2,21,2.752450806,3.293331272780061,0.5408804667800613,2016-02-21
25947,58049.0,119.8,34.02,2016,3,1,3.503462114,3.1251378420009823,-0.3783242719990176,2016-03-01
14117,54703.0,115.88,37.8,2016,3,8,5.493194859,5.848797693724451,0.3556028347244506,2016-03-08
11019,54535.0,118.47,39.28,2016,3,15,6.112780996,5.31873984301896,-0.7940411529810394,2016-03-15
3339,53791.0,114.5,37.8,2016,3,23,5.242485853,5.990976563275721,0.7484907102757212,2016-03-23
7974,54429.0,117.95,40.2,2016,4,3,14.40229099,13.288005598791802,-1.1142853912081971,2016-04-03
4059,53882.0,113.03,36.07,2016,4,9,13.45381987,12.338471159820228,-1.1153487101797737,2016-04-09
2809,53782.0,113.62,37.93,2016,4,15,5.283116413,6.769315513718935,1.4861991007189346,2016-04-15
10543,54528.0,117.13,39.23,2016,4,19,7.459131054,6.377332175512485,-1.0817988784875148,2016-04-19
8238,54432.0,118.47,40.62,2016,4,28,11.77882667,11.589419777687214,-0.1894068923127871,2016-04-28
6824,54399.0,116.28,39.98,2016,5,5,14.88564831,13.130543354255083,-1.7551049557449154,2016-05-05
24501,58013.0,116.9,34.75,2016,5,12,9.99664249,10.1668098857946,0.1701673957945999,2016-05-12
5286,53974.0,114.23,35.6,2016,5,17,10.04887263,11.241937888285491,1.1930652582854917,2016-05-17
13990,54701.0,115.2,37.93,2016,5,29,11.71945166,12.036479712038792,0.3170280520387916,2016-05-29
23029,57089.0,113.93,34.07,2016,6,7,1.750765239,4.5310510202850365,2.780285781285037,2016-06-07
8056,54430.0,118.22,40.78,2016,6,15,6.110528235,6.777914067407722,0.6673858324077218,2016-06-15
9470,54511.0,116.47,39.8,2016,6,21,16.02965404,14.006104603199056,-2.023549436800943,2016-06-21
1399,53599.0,114.68,39.37,2016,7,3,5.401776648,5.471126746104309,0.0693500981043087,2016-07-03
14278,54705.0,115.38,37.37,2016,7,10,10.29913917,10.950261866787423,0.6511226967874233,2016-07-10
24707,58017.0,116.13,34.25,2016,7,20,2.954381998,1.583310776400798,-1.371071221599202,2016-07-20
6575,53997.0,114.18,35.15,2016,7,25,9.612288939,9.488767658304264,-0.123521280695737,2016-07-25
8300,54433.0,116.5,39.95,2016,8,3,15.64636746,14.492807894909475,-1.153559565090525,2016-08-03
3524,53794.0,114.75,37.35,2016,8,13,6.84563347,9.45914105526087,2.6135075852608702,2016-08-13
20502,54906.0,115.42,35.25,2016,8,16,3.431972584,3.9820167101062056,0.5500441261062057,2016-08-16
17110,54806.0,115.97,36.42,2016,8,29,5.064000451,7.361414583576939,2.2974141325769386,2016-08-29
20561,54907.0,116.65,34.98,2016,9,8,4.278073954,4.8599398139645205,0.5818658599645206,2016-09-08
14853,54713.0,116.53,37.88,2016,9,14,7.639417775,6.501999863764352,-1.137417911235648,2016-09-14
16517,54755.0,120.38,37.33,2016,9,21,6.110313906,5.98943640353749,-0.1208775024625099,2016-09-21
25276,58030.0,118.02,34.88,2016,9,25,8.056468728,6.772929224744039,-1.2835395032559616,2016-09-25
9811,54517.0,117.2,39.07,2016,9,28,12.08173425,11.208205207656793,-0.8735290423432076,2016-09-28
5471,53981.0,113.27,35.78,2016,10,6,4.484925665,2.3122536340425763,-2.1726720309574232,2016-10-06
13653,54640.0,114.87,36.92,2016,10,7,1.998623927,2.057769982546664,0.059146055546664,2016-10-07
16526,54755.0,120.38,37.33,2016,10,10,5.554672062,5.980312668630086,0.4256406066300862,2016-10-10
13114,54624.0,117.32,38.4,2016,10,18,3.397593289,3.098805935284464,-0.2987873537155363,2016-10-18
16571,54759.0,120.85,37.32,2016,10,21,2.888566861,4.167795057634328,1.2792281966343273,2016-10-21
3218,53789.0,114.63,37.88,2016,10,24,2.389378869,2.2170430070541327,-0.1723358619458674,2016-10-24
8406,54436.0,118.95,40.42,2016,11,2,2.108434706,2.2564828110708084,0.1480481050708082,2016-11-02
18106,54821.0,117.2,37.0,2016,11,12,1.627649976,1.9983555461134608,0.3707055701134614,2016-11-12
16549,54755.0,120.38,37.33,2016,11,20,3.529154853,2.499967008240718,-1.029187844759282,2016-11-20
2395,53696.0,115.02,38.55,2016,11,22,1.889431178,2.165410542236028,0.2759793642360277,2016-11-22
17133,54807.0,115.77,36.15,2016,11,24,2.245082174,2.4008449740717523,0.1557628000717521,2016-11-24
14423,54707.0,115.98,37.35,2016,11,25,1.905319354,2.020713738753636,0.1153943847536358,2016-11-25
3291,53790.0,114.6,37.63,2016,12,1,2.102423104,2.173066789887819,0.070643685887819,2016-12-01
7662,54421.0,117.12,40.65,2016,12,4,2.519814914,2.329193833772245,-0.1906210802277548,2016-12-04
19978,54857.0,120.33,36.07,2016,12,8,2.823323882,3.6054923123285856,0.7821684303285856,2016-12-08
10375,54525.0,117.28,39.73,2016,12,11,0.909141788,1.1221601450221033,0.2130183570221032,2016-12-11
18780,54832.0,118.8,36.87,2016,12,13,2.219514345,2.209762466483041,-0.0097518785169588,2016-12-13
7301,54410.0,116.13,40.6,2016,12,27,1.1993652,1.085664827169216,-0.1137003728307839,2016-12-27
12977,54621.0,115.18,38.18,2016,12,30,0.713846965,1.068763509812543,0.354916544812543,2016-12-30
17062,54805.0,115.47,36.45,2017,1,3,0.485423173,0.5489256281041938,0.0635024551041937,2017-01-03
23280,57091.0,114.3,34.78,2017,1,12,5.917172777,4.0403108181378045,-1.876861958862196,2017-01-12
4745,53892.0,114.47,36.62,2017,1,14,2.121757553,2.241699106424889,0.1199415534248893,2017-01-14
11437,54596.0,116.2,39.77,2017,1,18,2.017091532,2.622896299398592,0.6058047673985922,2017-01-18
21310,54917.0,116.33,35.13,2017,2,1,1.950430583,1.922430135974876,-0.0280004470251244,2017-02-01
15408,54725.0,117.53,37.5,2017,2,7,2.256005047,2.4876379036423084,0.2316328566423084,2017-02-07
23028,57088.0,113.5,34.18,2017,2,13,3.226655865,3.7953441279284754,0.5686882629284753,2017-02-13
23100,57089.0,113.93,34.07,2017,2,25,3.702310697,3.762699732927433,0.0603890359274323,2017-02-25
16349,54749.0,119.95,37.18,2017,2,28,7.895235351,6.63221058206851,-1.2630247689314895,2017-02-28
9889,54517.0,117.2,39.07,2017,3,5,5.213021041,6.389992913454718,1.1769718724547182,2017-03-05
12053,54608.0,115.55,38.0,2017,3,17,4.818100384,5.887336125950454,1.069235741950454,2017-03-17
7075,54405.0,115.5,40.42,2017,3,28,7.064856027,6.298255316231498,-0.7666007107685022,2017-03-28
12072,54608.0,115.55,38.0,2017,4,3,10.58554905,10.271604303306503,-0.3139447466934957,2017-04-03
19521,54846.0,119.73,36.38,2017,4,12,12.69793166,11.46561516659117,-1.232316493408829,2017-04-12
8027,54429.0,117.95,40.2,2017,4,26,14.63122695,14.488402467073833,-0.1428244829261693,2017-04-26
10696,54529.0,117.82,39.35,2017,4,29,25.85150786,22.90121017051762,-2.950297689482383,2017-04-29
1049,53585.0,113.27,39.17,2017,5,8,16.27733601,15.28345197829978,-0.9938840317002188,2017-05-08
957,53584.0,113.17,39.57,2017,5,13,14.08000922,14.926057880371957,0.8460486603719559,2017-05-13
3346,53791.0,114.5,37.8,2017,5,16,11.29498233,11.88691247838361,0.5919301483836108,2017-05-16
13187,54626.0,115.82,38.42,2017,5,25,15.91931926,15.458349295653791,-0.4609699643462068,2017-05-25
4134,53883.0,114.7,37.13,2017,5,31,9.502288309,10.740967658126609,1.238679349126608,2017-05-31
2393,53696.0,115.02,38.55,2017,6,12,12.56200191,13.176001940061823,0.6140000300618258,2017-06-12
22074,54932.0,118.65,35.77,2017,6,17,20.32376316,22.092567464915213,1.7688043049152142,2017-06-17
1629,53682.0,114.68,38.63,2017,6,20,14.45625157,16.530311095945596,2.0740595259455965,2017-06-20
23542,57096.0,114.78,34.53,2017,7,1,12.927665,14.75622346996902,1.82855846996902,2017-07-01
16324,54749.0,119.95,37.18,2017,7,9,9.842975662,11.152989629929085,1.3100139679290823,2017-07-09
8826,54454.0,120.3,40.33,2017,7,19,2.297852665,2.0262002782232105,-0.2716523867767897,2017-07-19
6397,53994.0,114.07,35.38,2017,7,26,10.32849671,8.352270266578353,-1.9762264434216463,2017-07-26
8865,54455.0,120.65,40.62,2017,8,4,3.15308621,2.366546781859508,-0.7865394281404923,2017-08-04
15410,54725.0,117.53,37.5,2017,8,12,9.960629849,9.165521829308892,-0.7951080196911082,2017-08-12
21525,54920.0,117.28,35.65,2017,8,17,7.430595194,8.933591575038099,1.5029963810380984,2017-08-17
12208,54610.0,116.1,38.73,2017,8,30,8.721334091,7.7929064433462685,-0.9284276476537308,2017-08-30
6294,53993.0,114.92,35.93,2017,9,6,4.238377702,4.869916308028675,0.6315386060286752,2017-09-06
24355,58008.0,115.33,34.47,2017,9,12,5.024800763,5.702960025241607,0.678159262241607,2017-09-12
9771,54514.0,116.25,39.87,2017,9,17,20.5844547,11.706890630972028,-8.87756406902797,2017-09-17
20332,54903.0,115.48,35.85,2017,9,25,1.849979959,4.632568466430556,2.7825885074305567,2017-09-25
14746,54711.0,116.28,37.7,2017,9,26,8.173719796,7.2377678936019505,-0.9359519023980498,2017-09-26
24050,58004.0,115.15,34.65,2017,9,29,6.252732997,5.354064716866184,-0.8986682801338155,2017-09-29
4629,53891.0,114.68,37.02,2017,10,4,4.856316584,4.493136051624438,-0.3631805323755621,2017-10-04
9279,54506.0,115.95,39.32,2017,10,5,5.444864238,5.807331752913978,0.3624675149139778,2017-10-05
24964,58022.0,117.57,34.75,2017,10,7,3.238354695,4.044467649628577,0.8061129546285768,2017-10-07
14573,54709.0,116.07,37.23,2017,10,18,1.096587616,1.5468029999253732,0.4502153839253731,2017-10-18
21581,54921.0,116.33,35.42,2017,10,20,2.076600647,2.6717141599512955,0.5951135129512957,2017-10-20
22125,54935.0,118.43,35.53,2017,10,23,6.33125569,3.3834500868721653,-2.9478056031278346,2017-10-23
5762,53984.0,113.47,35.23,2017,11,2,6.583542599,5.519654636245913,-1.0638879627540874,2017-11-02
16949,54803.0,116.02,36.98,2017,11,5,7.2629798,7.3207466517057425,0.0577668517057423,2017-11-05
24650,58015.0,116.33,34.45,2017,11,19,2.168122024,2.966631232460005,0.7985092084600054,2017-11-19
15492,54726.0,117.18,37.7,2017,11,21,2.989855565,3.618704357759692,0.6288487927596917,2017-11-21
17369,54809.0,115.28,36.55,2017,11,24,3.932496061,4.73410775208768,0.8016116910876798,2017-11-24
4144,53883.0,114.7,37.13,2017,11,25,4.330442251,4.61431910680831,0.2838768558083098,2017-11-25
6572,53997.0,114.18,35.15,2017,11,29,4.966450147,4.392529098694202,-0.5739210483057979,2017-11-29
1270,53594.0,114.18,39.45,2017,12,6,2.778993207,3.150673368094135,0.3716801610941349,2017-12-06
12073,54608.0,115.55,38.0,2017,12,10,6.224008401,5.29079856728396,-0.93320983371604,2017-12-10
2317,53695.0,114.68,38.35,2017,12,13,2.580235194,3.140453229605962,0.5602180356059625,2017-12-13
4180,53883.0,114.7,37.13,2017,12,29,0.144914739,0.586823136757206,0.441908397757206,2017-12-29
13930,54636.0,116.1,39.02,2018,1,4,2.831555666,2.4770076152719764,-0.3545480507280234,2018-01-04
2593,53698.0,114.35,38.07,2018,1,9,5.133545645,4.6910093430367406,-0.4425363019632593,2018-01-09
713,53498.0,115.03,40.57,2018,1,12,1.328481344,1.3885611958858106,0.0600798518858105,2018-01-12
4930,53893.0,114.95,36.77,2018,1,14,2.123991039,1.8550127842489923,-0.2689782547510075,2018-01-14
13829,54633.0,115.27,37.5,2018,1,23,1.458764766,1.141393177669615,-0.3173715883303851,2018-01-23
24333,58001.0,115.1,34.43,2018,2,9,3.445737425,4.175593407398086,0.7298559823980861,2018-02-09
17113,54801.0,115.48,36.85,2018,2,12,4.826290194,4.970599750895818,0.1443095568958181,2018-02-12
26636,58116.0,116.87,34.03,2018,2,15,4.116531573,3.6428208418263446,-0.473710731173655,2018-02-15
16840,54753.0,120.33,37.63,2018,3,1,3.261464832,4.09816932708658,0.8367044950865803,2018-03-01
9932,54514.0,116.25,39.87,2018,3,13,5.277998979,5.96848696354761,0.6904879845476097,2018-03-13
18122,54816.0,116.8,36.52,2018,3,21,5.093803827,5.724580846282199,0.6307770192821991,2018-03-21
18367,54819.0,116.8,36.18,2018,3,27,7.560177843,8.565923128353965,1.0057452853539657,2018-03-27
19510,54836.0,118.17,36.18,2018,4,10,15.95979464,13.496454800082471,-2.463339839917529,2018-04-10
15376,54716.0,116.8,37.67,2018,4,20,19.73447717,13.99763955017259,-5.736837619827412,2018-04-20
9824,54512.0,116.28,39.42,2018,4,26,5.596036006,8.58931791409136,2.99328190809136,2018-04-26
8023,54425.0,117.47,40.4,2018,5,1,5.382517735,5.792965305784645,0.4104475707846449,2018-05-01
23154,57082.0,113.02,34.47,2018,5,10,10.98135733,11.116903684081429,0.1355463540814288,2018-05-10
22151,54922.0,117.75,35.87,2018,5,18,9.951984738,10.92700993076188,0.9750251927618798,2018-05-18
15131,54712.0,116.82,37.2,2018,5,21,1.95657271,3.279032901221894,1.3224601912218938,2018-05-21
18535,54821.0,117.2,37.0,2018,5,26,6.042351546,6.537211052915566,0.4948595069155663,2018-05-26
13985,54640.0,114.87,36.92,2018,5,31,20.52537318,20.532762789236827,0.0073896092368279,2018-05-31
8184,54429.0,117.95,40.2,2018,6,8,14.84447377,19.02069433407154,4.176220564071539,2018-06-08
5745,53982.0,113.27,35.23,2018,6,22,25.30464993,23.60641828263366,-1.6982316473663417,2018-06-22
5329,53899.0,114.97,36.48,2018,6,26,5.317887596,7.215309702048255,1.8974221060482543,2018-06-26
6700,53996.0,114.65,36.45,2018,7,6,15.19306271,15.141939055213369,-0.0511236547866325,2018-07-06
3561,53792.0,114.48,37.45,2018,7,11,2.255994445,2.676479182047661,0.4204847370476616,2018-07-11
18392,54819.0,116.8,36.18,2018,7,19,14.64327984,12.009694657076082,-2.633585182923918,2018-07-19
9375,54503.0,115.82,39.07,2018,7,23,7.614085668,9.911059576499351,2.296973908499353,2018-07-23
24056,57096.0,114.78,34.53,2018,7,29,5.074635805,3.719397908801809,-1.3552378961981906,2018-07-29
11230,54534.0,118.1,39.65,2018,8,4,12.51709397,11.85133419317756,-0.6657597768224406,2018-08-04
15937,54727.0,117.55,36.68,2018,8,11,19.44346884,21.623775251984743,2.1803064119847413,2018-08-11
6343,53992.0,114.52,35.65,2018,8,29,10.91229621,9.113540822554343,-1.798755387445656,2018-08-29
9709,54511.0,116.47,39.8,2018,9,6,19.17411195,15.633212028109778,-3.5408999218902224,2018-09-06
15633,54719.0,116.68,38.03,2018,9,12,11.06811158,11.0353946881226,-0.0327168918773992,2018-09-12
11635,54594.0,116.35,39.72,2018,9,13,6.949873811,5.88589855892559,-1.0639752520744097,2018-09-13
22342,54925.0,117.68,35.5,2018,9,18,6.291262754,4.74436770693304,-1.5468950470669602,2018-09-18
15251,54714.0,116.33,37.45,2018,9,21,9.91974524,8.438827683163517,-1.4809175568364823,2018-09-21
21721,54916.0,116.85,35.57,2018,9,25,4.066305723,4.078232241102017,0.0119265181020171,2018-09-25
9057,54455.0,120.65,40.62,2018,10,2,6.095189559,6.573765547115997,0.4785759881159972,2018-10-02
23509,57088.0,113.5,34.18,2018,10,5,10.25534937,10.821243799225488,0.565894429225489,2018-10-05
5830,53984.0,113.47,35.23,2018,10,11,9.599923555,6.139194618622931,-3.460728936377069,2018-10-11
16969,54759.0,120.85,37.32,2018,10,17,5.61933009,5.509802345334733,-0.1095277446652671,2018-10-17
10597,54525.0,117.28,39.73,2018,10,22,2.700364574,5.515797638702018,2.8154330647020185,2018-10-22
13475,54626.0,115.82,38.42,2018,10,31,3.499820986,3.5178360430144315,0.0180150570144315,2018-10-31
19570,54836.0,118.17,36.18,2018,11,2,6.13128358,4.568201833096548,-1.5630817469034524,2018-11-02
21582,54914.0,116.08,35.42,2018,11,9,1.533961999,1.6548802614061513,0.1209182624061513,2018-11-09
20122,54849.0,120.03,36.22,2018,11,10,5.629449318,3.582935915840113,-2.0465134021598868,2018-11-10
24724,58006.0,115.88,34.38,2018,11,22,1.980607244,2.209461987169893,0.228854743169893,2018-11-22
22257,54923.0,117.93,35.72,2018,11,23,3.457272107,2.924680920286922,-0.5325911867130779,2018-11-23
13232,54620.0,115.57,38.48,2018,11,24,2.314707753,1.90356841470094,-0.4111393382990602,2018-11-24
7522,54412.0,116.63,40.73,2018,12,2,0.986854313,1.4286297637986434,0.4417754507986433,2018-12-02
18638,54823.0,117.0,36.6,2018,12,8,2.424967812,2.835927721231221,0.410959909231221,2018-12-08
21671,54915.0,116.6,35.43,2018,12,12,2.958088016,2.550654775697192,-0.4074332403028085,2018-12-12
5411,53974.0,114.23,35.6,2018,12,19,4.622376555,3.269568235289338,-1.352808319710662,2018-12-19
7038,54399.0,116.28,39.98,2018,12,27,2.657368246,2.5109742562003783,-0.1463939897996216,2018-12-27
6156,53988.0,113.67,35.27,2018,12,31,3.034697011,2.5433669401712766,-0.4913300708287234,2018-12-31
20255,54904.0,115.52,35.58,2019,1,12,1.008314573,1.5062838287904403,0.4979692557904402,2019-01-12
14545,54710.0,116.17,37.87,2019,1,14,1.017671713,1.473690289812388,0.4560185768123881,2019-01-14
20017,54901.0,115.17,36.08,2019,1,18,3.645739561,2.5222363632291853,-1.1235031977708148,2019-01-18
14822,54714.0,116.33,37.45,2019,1,30,3.650706804,4.211186184933539,0.5604793809335393,2019-01-30
5996,53988.0,113.67,35.27,2019,2,4,5.897118423,4.743686072237702,-1.153432350762298,2019-02-04
25286,58034.0,118.32,34.6,2019,2,10,1.56212608,1.7377380770854391,0.175611997085439,2019-02-10
18994,54837.0,118.83,36.68,2019,2,17,2.767431802,3.1696373500854715,0.4022055480854716,2019-02-17
9559,54512.0,116.28,39.42,2019,2,27,3.83558945,3.7207687176596766,-0.1148207323403234,2019-02-27
22135,54939.0,118.82,35.17,2019,3,3,4.256130427,3.4062608989447467,-0.8498695280552537,2019-03-03
17364,54811.0,116.62,36.93,2019,3,12,7.848324468,8.434707186978885,0.5863827189788848,2019-03-12
3555,53795.0,114.4,37.65,2019,3,19,14.80551131,12.723718622670896,-2.081792687329104,2019-03-19
10154,54521.0,116.98,39.7,2019,3,23,7.971481688,7.281245960209365,-0.6902357277906352,2019-03-23
5737,53984.0,113.47,35.23,2019,4,3,7.385899663,8.557398652199742,1.1714989891997425,2019-04-03
20988,54915.0,116.6,35.43,2019,4,12,3.602326664,4.1060651790441485,0.5037385150441485,2019-04-12
24614,58017.0,116.13,34.25,2019,4,16,5.32579515,5.81088496332806,0.4850898133280594,2019-04-16
19385,54846.0,119.73,36.38,2019,4,25,2.698090809,2.591461594827204,-0.1066292141727967,2019-04-25
21550,54922.0,117.75,35.87,2019,4,30,6.569443164,8.263212121737924,1.693768957737924,2019-04-30
24567,58017.0,116.13,34.25,2019,5,8,6.359257951,6.835501483556559,0.476243532556559,2019-05-08
4159,53883.0,114.7,37.13,2019,5,12,9.159323281,11.576693086021027,2.4173698050210266,2019-05-12
23265,57095.0,114.15,34.12,2019,5,21,20.31273851,17.94199137163475,-2.3707471383652496,2019-05-21
1968,53690.0,114.18,38.85,2019,5,26,19.44710033,14.860718249993464,-4.586382080006537,2019-05-26
20546,54908.0,115.1,35.27,2019,6,1,19.97888541,19.96747548196324,-0.0114099280367589,2019-06-01
3605,53795.0,114.4,37.65,2019,6,12,27.31126752,23.48104671254852,-3.830220807451479,2019-06-12
25668,58045.0,119.6,34.2,2019,6,18,6.812814286,5.688074210907667,-1.124740075092333,2019-06-18
20550,54908.0,115.1,35.27,2019,7,1,29.11415321,23.3524348406002,-5.7617183693998015,2019-07-01
9886,54518.0,116.4,39.17,2019,7,12,12.62801432,13.32581984162835,0.6978055216283501,2019-07-12
19636,54852.0,120.73,36.97,2019,7,18,8.420877609,7.38940505724437,-1.0314725517556296,2019-07-18
415,53488.0,113.58,40.03,2019,7,25,14.15840958,14.33246385123566,0.1740542712356596,2019-07-25
8078,54430.0,118.22,40.78,2019,7,31,6.111881501,9.36732267240735,3.255441171407351,2019-07-31
12173,54611.0,115.32,38.93,2019,8,5,3.70589244,4.964931329684714,1.2590388896847142,2019-08-05
6619,53998.0,114.65,35.2,2019,8,15,11.46491793,11.195536740135154,-0.2693811898648466,2019-08-15
17648,54816.0,116.8,36.52,2019,9,2,12.0203832,9.93862705422391,-2.0817561457760902,2019-09-02
20392,54906.0,115.42,35.25,2019,9,12,1.904453786,4.314329398225188,2.409875612225188,2019-09-12
19130,54841.0,119.42,36.87,2019,9,15,8.963130907,9.2845599472643,0.3214290402643005,2019-09-15
16446,54755.0,120.38,37.33,2019,9,22,9.854989585,9.020520154708004,-0.8344694302919962,2019-09-22
21390,54920.0,117.28,35.65,2019,9,26,10.02643569,10.685904350072022,0.6594686600720223,2019-09-26
461,53490.0,114.05,40.43,2019,9,29,8.236316803,8.076649451281734,-0.1596673517182658,2019-09-29
2178,53693.0,114.13,38.03,2019,10,5,3.891271467,5.71055549636898,1.81928402936898,2019-10-05
22524,57082.0,113.02,34.47,2019,10,6,2.26876729,2.0778344082995903,-0.1909328817004096,2019-10-06
6226,53992.0,114.52,35.65,2019,10,9,1.419094918,1.7488963766123915,0.3298014586123914,2019-10-09
25437,58036.0,118.72,34.55,2019,10,18,4.256256017,2.942468926129053,-1.3137870908709472,2019-10-18
14432,54709.0,116.07,37.23,2019,10,21,7.081879426,7.826670614356672,0.7447911883566718,2019-10-21
1623,53682.0,114.68,38.63,2019,10,24,5.495109349,3.933614969795377,-1.5614943792046223,2019-10-24
8805,54454.0,120.3,40.33,2019,11,2,3.797404444,5.861780239459963,2.064375795459964,2019-11-02
18764,54832.0,118.8,36.87,2019,11,12,8.054174083,8.586876197989875,0.5327021149898759,2019-11-12
15136,54718.0,116.47,37.15,2019,11,20,3.421049378,4.702514597942215,1.2814652199422143,2019-11-20
14863,54715.0,116.52,37.32,2019,11,23,2.92388976,2.123833857237768,-0.8000559027622316,2019-11-23
4841,53894.0,114.2,36.4,2019,11,25,4.8595826,4.1954421979864,-0.6641404020136008,2019-11-25
24043,58006.0,115.88,34.38,2019,11,26,1.770807918,2.4144285357930606,0.6436206177930606,2019-11-26
8890,54499.0,116.22,40.22,2019,12,3,5.15332574,4.989584661744532,-0.1637410782554678,2019-12-03
21167,54917.0,116.33,35.13,2019,12,7,1.411661331,1.050054367729344,-0.361606963270656,2019-12-07
23845,58004.0,115.15,34.65,2019,12,11,4.363676499,3.87095104693585,-0.4927254520641502,2019-12-11
7349,54412.0,116.63,40.73,2019,12,14,1.733850246,2.264504342231722,0.5306540962317221,2019-12-14
5158,53898.0,114.13,36.05,2019,12,26,2.663069265,3.0401570045629605,0.3770877395629606,2019-12-26
16730,54737.0,118.15,37.15,2020,1,1,3.253361581,2.8489349368961703,-0.4044266441038298,2020-01-01
4845,53891.0,114.68,37.02,2020,1,4,1.266622118,1.7663923011347042,0.4997701831347043,2020-01-04
12230,54605.0,115.93,38.93,2020,1,9,0.509210835,0.9239172807332444,0.4147064457332445,2020-01-09
3705,53794.0,114.75,37.35,2020,1,12,0.965189807,0.9560735821576836,-0.0091162248423163,2020-01-12
21406,54909.0,115.52,35.08,2020,1,18,0.919721367,1.406210173808054,0.4864888068080542,2020-01-18
14088,54640.0,114.87,36.92,2020,1,23,0.15957122,0.8657040265196875,0.7061328065196875,2020-01-23
22256,54920.0,117.28,35.65,2020,2,11,4.609907886,3.558028058084777,-1.051879827915223,2020-02-11
4970,53893.0,114.95,36.77,2020,2,13,2.186676328,1.5407790519093496,-0.6458972760906503,2020-02-13
22787,54935.0,118.43,35.53,2020,2,23,4.434249639,4.257046833778751,-0.1772028052212491,2020-02-23
6064,53986.0,113.88,35.32,2020,3,10,5.223539526,5.125051363659205,-0.0984881623407947,2020-03-10
1095,53590.0,114.27,39.75,2020,3,20,10.80350079,9.587599619827508,-1.2159011701724918,2020-03-20
2413,53696.0,115.02,38.55,2020,4,1,3.787165508,4.232173117471691,0.4450076094716904,2020-04-01
954,53584.0,113.17,39.57,2020,4,10,4.229910621,4.591369806077489,0.3614591850774884,2020-04-10
19778,54836.0,118.17,36.18,2020,4,19,3.388769027,4.414884444385296,1.0261154173852955,2020-04-19
7249,54404.0,115.83,40.88,2020,4,21,4.166896083,4.525087160846785,0.3581910778467847,2020-04-21
19775,54836.0,118.17,36.18,2020,4,28,13.38720876,11.705787032371674,-1.681421727628326,2020-04-28
6101,53986.0,113.88,35.32,2020,5,3,19.37521431,19.4189220555559,0.0437077455558991,2020-05-03
610,53492.0,114.15,40.1,2020,5,15,14.63139521,9.356584813376111,-5.274810396623888,2020-05-15
10794,54525.0,117.28,39.73,2020,5,19,15.24264136,16.62534686061214,1.3827055006121398,2020-05-19
17527,54803.0,116.02,36.98,2020,5,23,11.16364533,9.868321446395743,-1.2953238836042562,2020-05-23
24497,57191.0,114.47,34.52,2020,5,29,20.02630232,16.031756695753607,-3.994545624246392,2020-05-29
6153,53987.0,113.35,35.1,2020,6,13,8.019883437,8.137197840298565,0.1173144032985646,2020-06-13
7101,54399.0,116.28,39.98,2020,6,19,12.07381373,14.823183080327228,2.7493693503272283,2020-06-19
14640,54704.0,115.57,37.52,2020,6,26,6.812064179,5.090911717635294,-1.7211524613647065,2020-06-26
16729,54737.0,118.15,37.15,2020,7,6,5.513349095,6.279271727475657,0.7659226324756574,2020-07-06
11655,54541.0,119.23,39.9,2020,7,12,8.350016496,8.032556245424328,-0.3174602505756727,2020-07-12
17029,54752.0,120.77,37.8,2020,7,21,13.84938875,10.123965294833257,-3.725423455166744,2020-07-21
26684,58047.0,119.23,34.25,2020,7,29,3.470908891,3.2163615256573523,-0.2545473653426477,2020-07-29
3441,53790.0,114.6,37.63,2020,8,1,7.894604614,6.165643630271485,-1.7289609837285154,2020-08-01
1061,53585.0,113.27,39.17,2020,8,6,4.93740044,4.109522418662194,-0.8278780213378063,2020-08-06
9563,54505.0,116.1,39.93,2020,8,14,9.86697746,8.305615827838471,-1.5613616321615282,2020-08-14
20601,54855.0,120.38,36.4,2020,8,31,1.233445309,1.793056215755254,0.5596109067552542,2020-08-31
24335,57098.0,114.4,34.08,2020,9,6,6.688993557,13.20039678750166,6.51140323050166,2020-09-06
12097,54603.0,115.77,38.72,2020,9,11,8.293320615,9.609728858109,1.3164082431090005,2020-09-11
24950,58006.0,115.88,34.38,2020,9,12,9.286065779,7.06029678888117,-2.225768990118829,2020-09-12
7481,54408.0,115.22,40.38,2020,9,16,13.83508336,10.346154760738772,-3.4889285992612287,2020-09-16
19176,54827.0,117.15,36.17,2020,9,19,7.753388916,10.512840578675675,2.7594516626756773,2020-09-19
13165,54618.0,116.55,38.08,2020,9,22,7.977009781,7.099026782909998,-0.877982998090002,2020-09-22
15585,54717.0,116.4,37.63,2020,9,27,5.30486997,5.359729656894498,0.0548596868944972,2020-09-27
8658,54434.0,118.33,40.17,2020,10,4,10.06640445,5.537781608826172,-4.528622841173828,2020-10-04
3652,53794.0,114.75,37.35,2020,10,5,6.31954347,5.455463453506205,-0.8640800164937952,2020-10-05
20438,54852.0,120.73,36.97,2020,10,11,5.906636776,6.087343505310647,0.1807067293106472,2020-10-11
12272,54606.0,115.73,38.23,2020,10,17,5.995915888,5.161614065813087,-0.8343018221869132,2020-10-17
2106,53691.0,114.57,38.15,2020,10,23,6.848650285,8.197768512283798,1.3491182272837978,2020-10-23
8040,54424.0,117.12,40.17,2020,10,31,4.389992006,5.890609498260313,1.5006174922603135,2020-10-31
25246,58012.0,116.65,34.67,2020,11,2,4.551952957,3.657079812619982,-0.8948731443800182,2020-11-02
19743,54836.0,118.17,36.18,2020,11,10,6.701419166,6.017086042708579,-0.6843331232914212,2020-11-10
14108,54640.0,114.87,36.92,2020,11,19,2.498903618,3.138552123524317,0.6396485055243168,2020-11-19
9055,54453.0,120.97,40.87,2020,11,22,2.059037997,1.89464113168138,-0.1643968653186198,2020-11-22
21956,54916.0,116.85,35.57,2020,11,23,2.854213606,2.6189076877213937,-0.2353059182786063,2020-11-23
22769,54932.0,118.65,35.77,2020,11,28,2.779352303,1.9361398525398128,-0.8432124504601874,2020-11-28
9814,54510.0,116.95,39.92,2020,12,3,2.889050571,3.074386453987598,0.1853358829875979,2020-12-03
13874,54632.0,115.03,37.07,2020,12,7,2.640384,2.106410360590318,-0.5339736394096821,2020-12-07
3645,53792.0,114.48,37.45,2020,12,11,1.351278713,0.9432403042892936,-0.4080384087107062,2020-12-11
3521,53791.0,114.5,37.8,2020,12,18,2.239086188,2.234015573379546,-0.0050706146204539,2020-12-18
24191,57095.0,114.15,34.12,2020,12,24,2.366576949,3.6571167293648137,1.2905397803648135,2020-12-24
24925,58006.0,115.88,34.38,2020,12,30,1.842521938,1.7831542795736082,-0.0593676584263918,2020-12-30
